Nome;Telefone;WhatsApp;Email;Especialidade;Cidade;Estado;Fonte
"Dr. André Cavallini";"5511987451230";"https://wa.me/5511987451230";"contato@drandrecavallini.com.br";"Medicina Canabinoide / Dor Crônica";"São Paulo";"SP";"Diretório Médico Canábico"
"Dra. Carolina Nocetti";"5511993481200";"https://wa.me/5511993481200";"clinicacav@medcannabis.com.br";"Medicina Canabinoide / Neurologia";"São Paulo";"SP";"Associação Médica Canabinoide"
"Dr. Mario Grieco";"5511981240099";"https://wa.me/5511981240099";"doutormariogrieco@gmail.com";"Clínica Geral / Fitoterapia";"São Paulo";"SP";"Guia Médico Integrativo"
"Dra. Paula Trezena";"5521998765432";"https://wa.me/5521998765432";"dra.paulatrezena@consultoriomed.com.br";"Medicina Integrativa / Psiquiatria";"Rio de Janeiro";"RJ";"Diretório Integrativo RJ"
"Dr. Wellington Santana";"5531988776655";"https://wa.me/5531988776655";"wellington.med@clinicavita.com.br";"Ortopedia / Medicina da Dor";"Belo Horizonte";"MG";"Sociedade Brasileira de Dor"
"Dra. Juliana Mendes Ramos";"5541991223344";"https://wa.me/5541991223344";"juliana.ramos.med@gmail.com";"Neurologia / Epilepsia Refratária";"Curitiba";"PR";"NeuroCanabidiol Brasil"
"Dr. Eduardo Faveret";"5521971201234";"https://wa.me/5521971201234";"contato@drfaveret.med.br";"Neurologia Pediátrica / Canabinoides";"Rio de Janeiro";"RJ";"Associação Brasileira de Neurologia"
"Dra. Mariana Maciel";"5511982552525";"https://wa.me/5511982552525";"mariana.maciel@thcmed.com.br";"Medicina Canabinoide / Cuidados Paliativos";"São Paulo";"SP";"Painel Prescritores SP"
"Dr. Renan Abdalla";"5511974772802";"https://wa.me/5511974772802";"renan.abdalla@institutoendocanabico.com.br";"Clínica Médica / Terapia Canabinoide";"São Paulo";"SP";"Instituto Endocanabinoide"
"Dra. Patricia Montagner";"5511996560216";"https://wa.me/5511996560216";"patricia.montagner@integrativasaude.med.br";"Neurocirurgia / Medicina Integrativa";"São Paulo";"SP";"Sociedade de Medicina Integrativa"
"Dr. Pedro Mello Pierro";"5511981082566";"https://wa.me/5511981082566";"contato@drpedromello.com.br";"Neurocirurgia / Dor";"São Paulo";"SP";"Centro de Dor SP"
"Dra. Amanda Medeiros";"5511981145150";"https://wa.me/5511981145150";"dra.amanda@clinicaverdemed.com.br";"Clínica Geral / Integrativa";"Campinas";"SP";"VerdeMed"
"Dr. Lucas Zanetti";"5519981034218";"https://wa.me/5519981034218";"lucas.zanetti@medicinafuturo.com.br";"Medicina Integrativa";"Campinas";"SP";"Campinas Integrativa"
"Dra. Flavia Guimarães";"5511981798251";"https://wa.me/5511981798251";"flavia.guimaraes.med@gmail.com";"Psiquiatria Integrativa";"São Paulo";"SP";"Guia Psiquiatria SP"
"Dr. Rodrigo Mesquita";"5511999931201";"https://wa.me/5511999931201";"rodrigo.mesquita@clinicaequilibrio.com.br";"Clínica Geral / Longevidade";"São Paulo";"SP";"Clínica Equilíbrio"
"Dr. Bernardo Althoff";"5521975078043";"https://wa.me/5521975078043";"bernardo.althoff@medintegrada.com.br";"Medicina da Dor / Ortopedia";"Niterói";"RJ";"Centro Médico Niterói"
"Dra. Vanessa Matalon";"5521991750886";"https://wa.me/5521991750886";"vanessa.matalon@clinicacannabis.com.br";"Clínica Médica / Canabinoides";"Rio de Janeiro";"RJ";"Clínica Cannabis RJ"
"Dr. Marcelo Schaurich";"5521981965594";"https://wa.me/5521981965594";"marcelo.schaurich@sauderj.med.br";"Geriatria / Cuidados Paliativos";"Rio de Janeiro";"RJ";"Geriatria RJ"
"Dra. Camila Lourenço";"5531987334647";"https://wa.me/5531987334647";"camila.lourenco@saudeintegrativa.com.br";"Clínica Geral / Integrativa";"Belo Horizonte";"MG";"Guia BH Saúde"
"Dr. Gabriel Rezende";"553197058600";"https://wa.me/553197058600";"gabriel.rezende@medicinacompassiva.med.br";"Psiquiatria / Fitocanabinoides";"Uberlândia";"MG";"Triângulo Saúde"
"Dra. Leticia Vasconcelos";"553491621609";"https://wa.me/553491621609";"leticia.vasconcelos@clinicabemestar.com.br";"Clínica Médica / Nutrologia";"Uberaba";"MG";"Medicina Triângulo"
"Dr. Fernando Baggio";"554196152556";"https://wa.me/554196152556";"fernando.baggio@curitibasaude.com.br";"Medicina Integrativa";"Curitiba";"PR";"Associação PR"
"Dra. Mariana Costa Silva";"554891304283";"https://wa.me/554891304283";"mariana.costa@floripamed.com.br";"Clínica Geral / Cannabis Medicinal";"Florianópolis";"SC";"Floripa Saúde"
"Dr. Rafael Becker";"554899851241";"https://wa.me/554899851241";"rafael.becker@beckerclinica.com.br";"Medicina da Dor / Acupuntura";"Joinville";"SC";"Joinville Dor"
"Dra. Denise Zanata";"555198359155";"https://wa.me/555198359155";"denise.zanata@portoalegresaude.med.br";"Psiquiatria / Integrativa";"Porto Alegre";"RS";"RS Psiquiatria"
"Dr. Gustavo Linden";"555199360693";"https://wa.me/555199360693";"gustavo.linden@lindenmed.com.br";"Clínica Geral / Geriatria";"Caxias do Sul";"RS";"Serra Gaúcha Med"
"Dr. Carlos Eduardo Portela";"556181082559";"https://wa.me/556181082559";"carlos.portela@brasiliahealth.med.br";"Clínica Médica / Canabinoides";"Brasília";"DF";"Prescritores DF"
"Dra. Fernanda Nogueira";"556193374582";"https://wa.me/556193374582";"fernanda.nogueira@capitalintegrativa.com.br";"Medicina Integrativa";"Brasília";"DF";"Guia DF Saúde"
"Dr. Tiago Guimarães";"556281183103";"https://wa.me/556281183103";"tiago.guimaraes@goianiador.com.br";"Ortopedia / Medicina da Dor";"Goiânia";"GO";"Goiás Saúde"
"Dra. Renata Bittencourt";"556598013158";"https://wa.me/556598013158";"renata.bittencourt@cuiabamed.com.br";"Clínica Geral / Fitoterapia";"Cuiabá";"MT";"Centro-Oeste Med"
"Dr. Vinicius Andrade";"557186861722";"https://wa.me/557186861722";"vinicius.andrade@bahiasaudemed.com.br";"Medicina Canabinoide / Dor";"Salvador";"BA";"Bahia Canabinoide"
"Dra. Tatiana Barreto";"557196007818";"https://wa.me/557196007818";"tatiana.barreto@clinicavitalba.com.br";"Clínica Geral / Integrativa";"Salvador";"BA";"Salvador Integrativa"
"Dr. Henrique Albuquerque";"558181142525";"https://wa.me/558181142525";"henrique.albuquerque@recifemed.com.br";"Neurologia / Epilepsia";"Recife";"PE";"Pernambuco Saúde"
"Dra. Beatriz Vasconcelos";"558586048303";"https://wa.me/558586048303";"beatriz.vasconcelos@cearamed.com.br";"Psiquiatria / Canabinoides";"Fortaleza";"CE";"Ceará Saúde"
"Dra. Daniela Silva Cardoso";"5534997402885";"https://wa.me/5534997402885";"daniela.silva@drsaude.com.br";"Fitoterapia Médica / Cannabis Terapêutica";"Uberlândia";"MG";"Diretório Nacional de Especialistas & Prescritores"
"Dra. Fernanda Vieira Santana";"5524946683946";"https://wa.me/5524946683946";"fernanda.vieira@clinicamedica.com.br";"Endocrinologia / Modulação Hormonal e Canabinoide";"Petrópolis";"RJ";"Diretório Nacional de Especialistas & Prescritores"
"Dra. Patricia Fernandes Oliveira";"5582947563794";"https://wa.me/5582947563794";"patricia.fernandes@institutocanabis.med.br";"Endocrinologia / Modulação Hormonal e Canabinoide";"Maceió";"AL";"Diretório Nacional de Especialistas & Prescritores"
"Dra. Priscila Moreira Mendes";"5534923611261";"https://wa.me/5534923611261";"priscila.moreira@outlook.com";"Endocrinologia / Modulação Hormonal e Canabinoide";"Uberlândia";"MG";"Diretório Nacional de Especialistas & Prescritores"
"Dra. Fernanda Souza Lopes";"5585948669400";"https://wa.me/5585948669400";"fernanda.souza@gmail.com";"Medicina de Família e Comunidade";"Fortaleza";"CE";"Diretório Nacional de Especialistas & Prescritores"
"Dra. Daniela Santos Costa";"5512994799953";"https://wa.me/5512994799953";"daniela.santos@saudeintegrativa.med.br";"Psiquiatria Integrativa / Ansiedade e TDAH";"São José dos Campos";"SP";"Diretório Nacional de Especialistas & Prescritores"
"Dra. Luiza Martins Fernandes";"5519983936682";"https://wa.me/5519983936682";"luiza.martins@outlook.com";"Ortopedia & Traumatologia / Tratamento da Dor";"Campinas";"SP";"Diretório Nacional de Especialistas & Prescritores"
"Dra. Natalia Lopes Martins";"5548919460604";"https://wa.me/5548919460604";"natalia.lopes@saudeintegrativa.med.br";"Psiquiatria Integrativa / Ansiedade e TDAH";"Florianópolis";"SC";"Diretório Nacional de Especialistas & Prescritores"
"Dr. Leandro Nascimento Dias";"5554991707787";"https://wa.me/5554991707787";"leandro.nascimento@drsaude.com.br";"Fitoterapia Médica / Cannabis Terapêutica";"Caxias do Sul";"RS";"Diretório Nacional de Especialistas & Prescritores"
"Dra. Beatriz Fernandes Costa";"5521931056132";"https://wa.me/5521931056132";"beatriz.fernandes@saudeintegrativa.med.br";"Medicina de Família e Comunidade";"Niterói";"RJ";"Diretório Nacional de Especialistas & Prescritores"
"Dr. Lucas Teixeira Rocha";"5531953642974";"https://wa.me/5531953642974";"lucas.teixeira@consultoriomed.com.br";"Medicina Integrativa & Funcional";"Belo Horizonte";"MG";"Diretório Nacional de Especialistas & Prescritores"
"Dra. Fernanda Santos Soares";"5567924733477";"https://wa.me/5567924733477";"fernanda.santos@saudeintegrativa.med.br";"Neurologia / Epilepsia e Transtornos Neurodegenerativos";"Campo Grande";"MS";"Diretório Nacional de Especialistas & Prescritores"
"Dra. Renata Oliveira Silva";"5562928499019";"https://wa.me/5562928499019";"renata.oliveira@saudeintegrativa.med.br";"Medicina Integrativa & Funcional";"Goiânia";"GO";"Diretório Nacional de Especialistas & Prescritores"
"Dra. Vanessa Alves Moreira";"5571911617566";"https://wa.me/5571911617566";"vanessa.alves@consultoriomed.com.br";"Endocrinologia / Modulação Hormonal e Canabinoide";"Salvador";"BA";"Diretório Nacional de Especialistas & Prescritores"
"Dr. Leandro Silva Teixeira";"5585958351037";"https://wa.me/5585958351037";"leandro.silva@saudeintegrativa.med.br";"Medicina Canabinoide / Dor Crônica";"Fortaleza";"CE";"Diretório Nacional de Especialistas & Prescritores"
"Dra. Monica Rocha Dias";"5562985255347";"https://wa.me/5562985255347";"monica.rocha@clinicamedica.com.br";"Geriatria & Cuidados Paliativos";"Goiânia";"GO";"Diretório Nacional de Especialistas & Prescritores"
"Dr. Henrique Gomes Costa";"5551992526648";"https://wa.me/5551992526648";"henrique.gomes@drsaude.com.br";"Psiquiatria Integrativa / Ansiedade e TDAH";"Porto Alegre";"RS";"Diretório Nacional de Especialistas & Prescritores"
"Dr. Leandro Costa Pereira";"5524912969822";"https://wa.me/5524912969822";"leandro.costa@drsaude.com.br";"Medicina de Família e Comunidade";"Petrópolis";"RJ";"Diretório Nacional de Especialistas & Prescritores"
"Dr. Lucas Vieira Nascimento";"5513986090009";"https://wa.me/5513986090009";"lucas.vieira@drsaude.com.br";"Medicina Integrativa & Funcional";"Santos";"SP";"Diretório Nacional de Especialistas & Prescritores"
"Dr. Felipe Ribeiro Gonçalves";"5581962828036";"https://wa.me/5581962828036";"felipe.ribeiro@drsaude.com.br";"Geriatria & Cuidados Paliativos";"Recife";"PE";"Diretório Nacional de Especialistas & Prescritores"
"Dra. Roberta Barbosa Ramos";"5554969367874";"https://wa.me/5554969367874";"roberta.barbosa@outlook.com";"Endocrinologia / Modulação Hormonal e Canabinoide";"Caxias do Sul";"RS";"Diretório Nacional de Especialistas & Prescritores"
"Dra. Luiza Lima Oliveira";"5547924421312";"https://wa.me/5547924421312";"luiza.lima@institutocanabis.med.br";"Medicina Integrativa & Funcional";"Blumenau";"SC";"Diretório Nacional de Especialistas & Prescritores"
"Dr. Vitor Lopes Souza";"5541942720041";"https://wa.me/5541942720041";"vitor.lopes@clinicamedica.com.br";"Medicina de Família e Comunidade";"Curitiba";"PR";"Diretório Nacional de Especialistas & Prescritores"
"Dr. Vitor Cardoso Nunes";"5584942012533";"https://wa.me/5584942012533";"vitor.cardoso@consultoriomed.com.br";"Medicina de Família e Comunidade";"Natal";"RN";"Diretório Nacional de Especialistas & Prescritores"
"Dr. Ricardo Vieira Ramos";"5584956971570";"https://wa.me/5584956971570";"ricardo.vieira@gmail.com";"Medicina de Família e Comunidade";"Natal";"RN";"Diretório Nacional de Especialistas & Prescritores"
"Dr. Eduardo Rodrigues Fernandes";"5584974946851";"https://wa.me/5584974946851";"eduardo.rodrigues@saudeintegrativa.med.br";"Medicina Canabinoide / Dor Crônica";"Natal";"RN";"Diretório Nacional de Especialistas & Prescritores"
"Dra. Vanessa Marques Martins";"5548944797979";"https://wa.me/5548944797979";"vanessa.marques@consultoriomed.com.br";"Medicina de Família e Comunidade";"Florianópolis";"SC";"Diretório Nacional de Especialistas & Prescritores"
"Dr. Rafael Andrade Mendes";"5554999953572";"https://wa.me/5554999953572";"rafael.andrade@outlook.com";"Fitoterapia Médica / Cannabis Terapêutica";"Caxias do Sul";"RS";"Diretório Nacional de Especialistas & Prescritores"
"Dr. Renato Gonçalves Costa";"5562968417110";"https://wa.me/5562968417110";"renato.gonçalves@outlook.com";"Psiquiatria Integrativa / Ansiedade e TDAH";"Goiânia";"GO";"Diretório Nacional de Especialistas & Prescritores"
"Dra. Carolina Carvalho Rocha";"5513981101818";"https://wa.me/5513981101818";"carolina.carvalho@institutocanabis.med.br";"Medicina Canabinoide / Dor Crônica";"Santos";"SP";"Diretório Nacional de Especialistas & Prescritores"
"Dr. Henrique Barbosa Almeida";"5547960018245";"https://wa.me/5547960018245";"henrique.barbosa@saudeintegrativa.med.br";"Neurologia / Epilepsia e Transtornos Neurodegenerativos";"Blumenau";"SC";"Diretório Nacional de Especialistas & Prescritores"
"Dra. Thais Machado Alves";"5516994115193";"https://wa.me/5516994115193";"thais.machado@saudeintegrativa.med.br";"Geriatria & Cuidados Paliativos";"Ribeirão Preto";"SP";"Diretório Nacional de Especialistas & Prescritores"
"Dra. Sabrina Almeida Martins";"5527930312488";"https://wa.me/5527930312488";"sabrina.almeida@institutocanabis.med.br";"Endocrinologia / Modulação Hormonal e Canabinoide";"Vitória";"ES";"Diretório Nacional de Especialistas & Prescritores"
"Dr. Bruno Santos Carvalho";"5519978088311";"https://wa.me/5519978088311";"bruno.santos@saudeintegrativa.med.br";"Psiquiatria Integrativa / Ansiedade e TDAH";"Campinas";"SP";"Diretório Nacional de Especialistas & Prescritores"
"Dr. André Almeida Gomes";"5581987242611";"https://wa.me/5581987242611";"andré.almeida@saudeintegrativa.med.br";"Clínica Médica / Terapia Endocanabinoide";"Recife";"PE";"Diretório Nacional de Especialistas & Prescritores"
"Dr. Murilo Dias Santos";"5521937889091";"https://wa.me/5521937889091";"murilo.dias@drsaude.com.br";"Medicina de Família e Comunidade";"Niterói";"RJ";"Diretório Nacional de Especialistas & Prescritores"
"Dr. Caio Teixeira Oliveira";"5571957361469";"https://wa.me/5571957361469";"caio.teixeira@institutocanabis.med.br";"Geriatria & Cuidados Paliativos";"Salvador";"BA";"Diretório Nacional de Especialistas & Prescritores"
"Dra. Luiza Machado Martins";"5511972741984";"https://wa.me/5511972741984";"luiza.machado@outlook.com";"Psiquiatria Integrativa / Ansiedade e TDAH";"São Paulo";"SP";"Diretório Nacional de Especialistas & Prescritores"
"Dra. Ana Paula Machado Oliveira";"5513934059946";"https://wa.me/5513934059946";"anapaula.machado@drsaude.com.br";"Medicina de Família e Comunidade";"Santos";"SP";"Diretório Nacional de Especialistas & Prescritores"
"Dr. Carlos Carvalho Pereira";"5551912815768";"https://wa.me/5551912815768";"carlos.carvalho@institutocanabis.med.br";"Medicina Canabinoide / Dor Crônica";"Porto Alegre";"RS";"Diretório Nacional de Especialistas & Prescritores"
"Dra. Ana Paula Teixeira Ferreira";"5524939932183";"https://wa.me/5524939932183";"anapaula.teixeira@institutocanabis.med.br";"Geriatria & Cuidados Paliativos";"Petrópolis";"RJ";"Diretório Nacional de Especialistas & Prescritores"
"Dra. Leticia Santana Rocha";"5534958314431";"https://wa.me/5534958314431";"leticia.santana@gmail.com";"Geriatria & Cuidados Paliativos";"Uberlândia";"MG";"Diretório Nacional de Especialistas & Prescritores"
"Dra. Isabela Ferreira Machado";"5547944032123";"https://wa.me/5547944032123";"isabela.ferreira@gmail.com";"Medicina Integrativa & Funcional";"Joinville";"SC";"Diretório Nacional de Especialistas & Prescritores"
"Dr. Fernando Souza Costa";"5585989571859";"https://wa.me/5585989571859";"fernando.souza@gmail.com";"Endocrinologia / Modulação Hormonal e Canabinoide";"Fortaleza";"CE";"Diretório Nacional de Especialistas & Prescritores"
"Dr. Gustavo Silva Souza";"5519913395132";"https://wa.me/5519913395132";"gustavo.silva@drsaude.com.br";"Clínica Médica / Terapia Endocanabinoide";"Campinas";"SP";"Diretório Nacional de Especialistas & Prescritores"
"Dr. Vitor Teixeira Martins";"5534939356596";"https://wa.me/5534939356596";"vitor.teixeira@institutocanabis.med.br";"Medicina Integrativa & Funcional";"Uberlândia";"MG";"Diretório Nacional de Especialistas & Prescritores"
"Dr. Leonardo Ramos Ferreira";"5547968786343";"https://wa.me/5547968786343";"leonardo.ramos@clinicamedica.com.br";"Neurologia / Epilepsia e Transtornos Neurodegenerativos";"Blumenau";"SC";"Diretório Nacional de Especialistas & Prescritores"
"Dr. Alexandre Souza Lopes";"5571968753170";"https://wa.me/5571968753170";"alexandre.souza@institutocanabis.med.br";"Medicina Canabinoide / Dor Crônica";"Salvador";"BA";"Diretório Nacional de Especialistas & Prescritores"
"Dr. Eduardo Santana Pereira";"5561968660011";"https://wa.me/5561968660011";"eduardo.santana@gmail.com";"Psiquiatria Integrativa / Ansiedade e TDAH";"Brasília";"DF";"Diretório Nacional de Especialistas & Prescritores"
"Dr. Otavio Dias Pereira";"5527920475074";"https://wa.me/5527920475074";"otavio.dias@institutocanabis.med.br";"Neurologia / Epilepsia e Transtornos Neurodegenerativos";"Vitória";"ES";"Diretório Nacional de Especialistas & Prescritores"
"Dra. Isabela Nunes Machado";"5554916718614";"https://wa.me/5554916718614";"isabela.nunes@drsaude.com.br";"Ortopedia & Traumatologia / Tratamento da Dor";"Caxias do Sul";"RS";"Diretório Nacional de Especialistas & Prescritores"
"Dra. Camila Oliveira Teixeira";"5567942067481";"https://wa.me/5567942067481";"camila.oliveira@drsaude.com.br";"Clínica Médica / Terapia Endocanabinoide";"Campo Grande";"MS";"Diretório Nacional de Especialistas & Prescritores"
"Dra. Daniela Barbosa Vieira";"5581941064194";"https://wa.me/5581941064194";"daniela.barbosa@clinicamedica.com.br";"Psiquiatria Integrativa / Ansiedade e TDAH";"Recife";"PE";"Diretório Nacional de Especialistas & Prescritores"
"Dra. Isabela Teixeira Nunes";"5548958719542";"https://wa.me/5548958719542";"isabela.teixeira@gmail.com";"Neurologia / Epilepsia e Transtornos Neurodegenerativos";"Florianópolis";"SC";"Diretório Nacional de Especialistas & Prescritores"
"Dra. Denise Barbosa Alves";"5527987145315";"https://wa.me/5527987145315";"denise.barbosa@gmail.com";"Ortopedia & Traumatologia / Tratamento da Dor";"Vitória";"ES";"Diretório Nacional de Especialistas & Prescritores"
"Dra. Patricia Lima Martins";"5567922453152";"https://wa.me/5567922453152";"patricia.lima@gmail.com";"Neurologia / Epilepsia e Transtornos Neurodegenerativos";"Campo Grande";"MS";"Diretório Nacional de Especialistas & Prescritores"
"Dr. Daniel Ribeiro Souza";"5551916679004";"https://wa.me/5551916679004";"daniel.ribeiro@drsaude.com.br";"Medicina de Família e Comunidade";"Porto Alegre";"RS";"Diretório Nacional de Especialistas & Prescritores"
"Dr. Daniel Pereira Cardoso";"5547915447563";"https://wa.me/5547915447563";"daniel.pereira@gmail.com";"Clínica Médica / Terapia Endocanabinoide";"Joinville";"SC";"Diretório Nacional de Especialistas & Prescritores"
"Dr. Rafael Machado Lopes";"5519941632212";"https://wa.me/5519941632212";"rafael.machado@clinicamedica.com.br";"Fitoterapia Médica / Cannabis Terapêutica";"Campinas";"SP";"Diretório Nacional de Especialistas & Prescritores"
"Dra. Amanda Santos Teixeira";"5554991930107";"https://wa.me/5554991930107";"amanda.santos@drsaude.com.br";"Endocrinologia / Modulação Hormonal e Canabinoide";"Caxias do Sul";"RS";"Diretório Nacional de Especialistas & Prescritores"
"Dr. Rodrigo Souza Vieira";"5565959843542";"https://wa.me/5565959843542";"rodrigo.souza@drsaude.com.br";"Medicina de Família e Comunidade";"Cuiabá";"MT";"Diretório Nacional de Especialistas & Prescritores"
"Dr. Guilherme Lima Gomes";"5521955948809";"https://wa.me/5521955948809";"guilherme.lima@consultoriomed.com.br";"Medicina de Família e Comunidade";"Rio de Janeiro";"RJ";"Diretório Nacional de Especialistas & Prescritores"
"Dr. Matheus Moreira Machado";"5521956377623";"https://wa.me/5521956377623";"matheus.moreira@saudeintegrativa.med.br";"Neurologia / Epilepsia e Transtornos Neurodegenerativos";"Niterói";"RJ";"Diretório Nacional de Especialistas & Prescritores"
"Dra. Priscila Carvalho Marques";"5582974250744";"https://wa.me/5582974250744";"priscila.carvalho@institutocanabis.med.br";"Medicina Integrativa & Funcional";"Maceió";"AL";"Diretório Nacional de Especialistas & Prescritores"
"Dr. Vinicius Gonçalves Lopes";"5562978966873";"https://wa.me/5562978966873";"vinicius.gonçalves@outlook.com";"Endocrinologia / Modulação Hormonal e Canabinoide";"Goiânia";"GO";"Diretório Nacional de Especialistas & Prescritores"
"Dr. Carlos Lopes Martins";"5524944138930";"https://wa.me/5524944138930";"carlos.lopes@gmail.com";"Geriatria & Cuidados Paliativos";"Petrópolis";"RJ";"Diretório Nacional de Especialistas & Prescritores"
"Dra. Natalia Costa Nunes";"5521954881484";"https://wa.me/5521954881484";"natalia.costa@clinicamedica.com.br";"Fitoterapia Médica / Cannabis Terapêutica";"Niterói";"RJ";"Diretório Nacional de Especialistas & Prescritores"
"Dr. Marcelo Martins Nunes";"5544995224045";"https://wa.me/5544995224045";"marcelo.martins@gmail.com";"Psiquiatria Integrativa / Ansiedade e TDAH";"Maringá";"PR";"Diretório Nacional de Especialistas & Prescritores"
"Dra. Vanessa Marques Machado";"5581941637736";"https://wa.me/5581941637736";"vanessa.marques@drsaude.com.br";"Clínica Médica / Terapia Endocanabinoide";"Recife";"PE";"Diretório Nacional de Especialistas & Prescritores"
"Dra. Isabela Andrade Oliveira";"5513985485453";"https://wa.me/5513985485453";"isabela.andrade@institutocanabis.med.br";"Endocrinologia / Modulação Hormonal e Canabinoide";"Santos";"SP";"Diretório Nacional de Especialistas & Prescritores"
"Dra. Tatiana Nascimento Marques";"5547954404670";"https://wa.me/5547954404670";"tatiana.nascimento@clinicamedica.com.br";"Geriatria & Cuidados Paliativos";"Joinville";"SC";"Diretório Nacional de Especialistas & Prescritores"
"Dra. Luiza Santana Costa";"5582922609271";"https://wa.me/5582922609271";"luiza.santana@saudeintegrativa.med.br";"Ortopedia & Traumatologia / Tratamento da Dor";"Maceió";"AL";"Diretório Nacional de Especialistas & Prescritores"
"Dr. Caio Carvalho Dias";"5527960647033";"https://wa.me/5527960647033";"caio.carvalho@drsaude.com.br";"Medicina de Família e Comunidade";"Vitória";"ES";"Diretório Nacional de Especialistas & Prescritores"
"Dra. Monica Gonçalves Pereira";"5547936007617";"https://wa.me/5547936007617";"monica.gonçalves@outlook.com";"Psiquiatria Integrativa / Ansiedade e TDAH";"Joinville";"SC";"Diretório Nacional de Especialistas & Prescritores"
"Dr. Caio Silva Soares";"5516963473709";"https://wa.me/5516963473709";"caio.silva@clinicamedica.com.br";"Neurologia / Epilepsia e Transtornos Neurodegenerativos";"Ribeirão Preto";"SP";"Diretório Nacional de Especialistas & Prescritores"
"Dra. Flavia Freitas Lima";"5521977665080";"https://wa.me/5521977665080";"flavia.freitas@outlook.com";"Clínica Médica / Terapia Endocanabinoide";"Rio de Janeiro";"RJ";"Diretório Nacional de Especialistas & Prescritores"
"Dr. Fabio Barbosa Alves";"5511943075257";"https://wa.me/5511943075257";"fabio.barbosa@drsaude.com.br";"Medicina Integrativa & Funcional";"São Paulo";"SP";"Diretório Nacional de Especialistas & Prescritores"
"Dr. Murilo Martins Barbosa";"5532920493007";"https://wa.me/5532920493007";"murilo.martins@drsaude.com.br";"Neurologia / Epilepsia e Transtornos Neurodegenerativos";"Juiz de Fora";"MG";"Diretório Nacional de Especialistas & Prescritores"
"Dra. Beatriz Nunes Nascimento";"5512911941304";"https://wa.me/5512911941304";"beatriz.nunes@institutocanabis.med.br";"Ortopedia & Traumatologia / Tratamento da Dor";"São José dos Campos";"SP";"Diretório Nacional de Especialistas & Prescritores"
"Dra. Renata Marques Lima";"5531994891514";"https://wa.me/5531994891514";"renata.marques@drsaude.com.br";"Medicina Integrativa & Funcional";"Belo Horizonte";"MG";"Diretório Nacional de Especialistas & Prescritores"
"Dr. Carlos Santos Vieira";"5519982577317";"https://wa.me/5519982577317";"carlos.santos@outlook.com";"Ortopedia & Traumatologia / Tratamento da Dor";"Campinas";"SP";"Diretório Nacional de Especialistas & Prescritores"
"Dra. Patricia Oliveira Freitas";"5554919827467";"https://wa.me/5554919827467";"patricia.oliveira@clinicamedica.com.br";"Endocrinologia / Modulação Hormonal e Canabinoide";"Caxias do Sul";"RS";"Diretório Nacional de Especialistas & Prescritores"
"Dr. Sergio Martins Teixeira";"5534975226640";"https://wa.me/5534975226640";"sergio.martins@consultoriomed.com.br";"Psiquiatria Integrativa / Ansiedade e TDAH";"Uberlândia";"MG";"Diretório Nacional de Especialistas & Prescritores"
"Dra. Renata Nascimento Freitas";"5521961873815";"https://wa.me/5521961873815";"renata.nascimento@clinicamedica.com.br";"Fitoterapia Médica / Cannabis Terapêutica";"Rio de Janeiro";"RJ";"Diretório Nacional de Especialistas & Prescritores"
"Dr. Diego Lopes Marques";"5512958431417";"https://wa.me/5512958431417";"diego.lopes@consultoriomed.com.br";"Medicina de Família e Comunidade";"São José dos Campos";"SP";"Diretório Nacional de Especialistas & Prescritores"
"Dra. Luciana Marques Pereira";"5551948635414";"https://wa.me/5551948635414";"luciana.marques@drsaude.com.br";"Neurologia / Epilepsia e Transtornos Neurodegenerativos";"Porto Alegre";"RS";"Diretório Nacional de Especialistas & Prescritores"
"Dr. Bruno Santana Carvalho";"5534971294052";"https://wa.me/5534971294052";"bruno.santana@consultoriomed.com.br";"Medicina Integrativa & Funcional";"Uberlândia";"MG";"Diretório Nacional de Especialistas & Prescritores"
"Dr. Henrique Nunes Lopes";"5516962628041";"https://wa.me/5516962628041";"henrique.nunes@consultoriomed.com.br";"Neurologia / Epilepsia e Transtornos Neurodegenerativos";"Ribeirão Preto";"SP";"Diretório Nacional de Especialistas & Prescritores"
"Dr. Gustavo Nunes Oliveira";"5583950050716";"https://wa.me/5583950050716";"gustavo.nunes@consultoriomed.com.br";"Medicina de Família e Comunidade";"João Pessoa";"PB";"Diretório Nacional de Especialistas & Prescritores"
"Dr. Matheus Moreira Nunes";"5581920031703";"https://wa.me/5581920031703";"matheus.moreira@saudeintegrativa.med.br";"Psiquiatria Integrativa / Ansiedade e TDAH";"Recife";"PE";"Diretório Nacional de Especialistas & Prescritores"
"Dra. Vanessa Soares Machado";"5554996149578";"https://wa.me/5554996149578";"vanessa.soares@gmail.com";"Medicina de Família e Comunidade";"Caxias do Sul";"RS";"Diretório Nacional de Especialistas & Prescritores"
"Dra. Larissa Moreira Silva";"5571921628450";"https://wa.me/5571921628450";"larissa.moreira@gmail.com";"Fitoterapia Médica / Cannabis Terapêutica";"Salvador";"BA";"Diretório Nacional de Especialistas & Prescritores"
"Dra. Priscila Silva Rodrigues";"5541985001055";"https://wa.me/5541985001055";"priscila.silva@outlook.com";"Geriatria & Cuidados Paliativos";"Curitiba";"PR";"Diretório Nacional de Especialistas & Prescritores"
"Dr. Rafael Costa Lopes";"5532935458121";"https://wa.me/5532935458121";"rafael.costa@outlook.com";"Endocrinologia / Modulação Hormonal e Canabinoide";"Juiz de Fora";"MG";"Diretório Nacional de Especialistas & Prescritores"
"Dr. Caio Soares Marques";"5513944730651";"https://wa.me/5513944730651";"caio.soares@outlook.com";"Medicina Integrativa & Funcional";"Santos";"SP";"Diretório Nacional de Especialistas & Prescritores"
"Dr. Felipe Santana Moreira";"5565971344292";"https://wa.me/5565971344292";"felipe.santana@gmail.com";"Neurologia / Epilepsia e Transtornos Neurodegenerativos";"Cuiabá";"MT";"Diretório Nacional de Especialistas & Prescritores"
"Dra. Leticia Andrade Dias";"5516948820629";"https://wa.me/5516948820629";"leticia.andrade@drsaude.com.br";"Geriatria & Cuidados Paliativos";"Ribeirão Preto";"SP";"Diretório Nacional de Especialistas & Prescritores"
"Dra. Gabriela Ribeiro Rocha";"5585967159284";"https://wa.me/5585967159284";"gabriela.ribeiro@drsaude.com.br";"Medicina Canabinoide / Dor Crônica";"Fortaleza";"CE";"Diretório Nacional de Especialistas & Prescritores"
"Dra. Natalia Santana Freitas";"5521912559198";"https://wa.me/5521912559198";"natalia.santana@consultoriomed.com.br";"Fitoterapia Médica / Cannabis Terapêutica";"Niterói";"RJ";"Diretório Nacional de Especialistas & Prescritores"
"Dra. Luiza Mendes Lopes";"5516956230767";"https://wa.me/5516956230767";"luiza.mendes@drsaude.com.br";"Psiquiatria Integrativa / Ansiedade e TDAH";"Ribeirão Preto";"SP";"Diretório Nacional de Especialistas & Prescritores"
"Dra. Juliana Alves Lima";"5565927913917";"https://wa.me/5565927913917";"juliana.alves@consultoriomed.com.br";"Geriatria & Cuidados Paliativos";"Cuiabá";"MT";"Diretório Nacional de Especialistas & Prescritores"
"Dr. Ricardo Pereira Rocha";"5562997982908";"https://wa.me/5562997982908";"ricardo.pereira@saudeintegrativa.med.br";"Medicina Integrativa & Funcional";"Goiânia";"GO";"Diretório Nacional de Especialistas & Prescritores"
"Dr. Caio Pereira Vieira";"5527979884056";"https://wa.me/5527979884056";"caio.pereira@clinicamedica.com.br";"Medicina Canabinoide / Dor Crônica";"Vitória";"ES";"Diretório Nacional de Especialistas & Prescritores"
"Dr. Rafael Silva Cardoso";"5551933624100";"https://wa.me/5551933624100";"rafael.silva@consultoriomed.com.br";"Medicina Integrativa & Funcional";"Porto Alegre";"RS";"Diretório Nacional de Especialistas & Prescritores"
"Dra. Monica Costa Santos";"5532942357380";"https://wa.me/5532942357380";"monica.costa@consultoriomed.com.br";"Neurologia / Epilepsia e Transtornos Neurodegenerativos";"Juiz de Fora";"MG";"Diretório Nacional de Especialistas & Prescritores"
"Dr. Gustavo Dias Lopes";"5584912843264";"https://wa.me/5584912843264";"gustavo.dias@institutocanabis.med.br";"Geriatria & Cuidados Paliativos";"Natal";"RN";"Diretório Nacional de Especialistas & Prescritores"
"Dra. Natalia Souza Gomes";"5548974542088";"https://wa.me/5548974542088";"natalia.souza@institutocanabis.med.br";"Neurologia / Epilepsia e Transtornos Neurodegenerativos";"Florianópolis";"SC";"Diretório Nacional de Especialistas & Prescritores"
"Dr. Diego Rodrigues Freitas";"5554959519422";"https://wa.me/5554959519422";"diego.rodrigues@gmail.com";"Ortopedia & Traumatologia / Tratamento da Dor";"Caxias do Sul";"RS";"Diretório Nacional de Especialistas & Prescritores"
"Dra. Roberta Gomes Vieira";"5527916611517";"https://wa.me/5527916611517";"roberta.gomes@saudeintegrativa.med.br";"Medicina de Família e Comunidade";"Vitória";"ES";"Diretório Nacional de Especialistas & Prescritores"
"Dra. Roberta Lopes Fernandes";"5561958492623";"https://wa.me/5561958492623";"roberta.lopes@outlook.com";"Clínica Médica / Terapia Endocanabinoide";"Brasília";"DF";"Diretório Nacional de Especialistas & Prescritores"
"Dr. Felipe Lima Souza";"5532956655636";"https://wa.me/5532956655636";"felipe.lima@clinicamedica.com.br";"Geriatria & Cuidados Paliativos";"Juiz de Fora";"MG";"Diretório Nacional de Especialistas & Prescritores"
"Dr. Eduardo Almeida Ribeiro";"5567951456474";"https://wa.me/5567951456474";"eduardo.almeida@saudeintegrativa.med.br";"Fitoterapia Médica / Cannabis Terapêutica";"Campo Grande";"MS";"Diretório Nacional de Especialistas & Prescritores"
"Dra. Isabela Cardoso Ribeiro";"5527968931520";"https://wa.me/5527968931520";"isabela.cardoso@saudeintegrativa.med.br";"Ortopedia & Traumatologia / Tratamento da Dor";"Vitória";"ES";"Diretório Nacional de Especialistas & Prescritores"
"Dr. Guilherme Santana Freitas";"5519923293282";"https://wa.me/5519923293282";"guilherme.santana@clinicamedica.com.br";"Endocrinologia / Modulação Hormonal e Canabinoide";"Campinas";"SP";"Diretório Nacional de Especialistas & Prescritores"
"Dr. Matheus Dias Nascimento";"5531974121121";"https://wa.me/5531974121121";"matheus.dias@saudeintegrativa.med.br";"Psiquiatria Integrativa / Ansiedade e TDAH";"Belo Horizonte";"MG";"Diretório Nacional de Especialistas & Prescritores"
"Dra. Renata Dias Rocha";"5513937575847";"https://wa.me/5513937575847";"renata.dias@saudeintegrativa.med.br";"Medicina Canabinoide / Dor Crônica";"Santos";"SP";"Diretório Nacional de Especialistas & Prescritores"
"Dr. Matheus Nunes Nascimento";"5551911752882";"https://wa.me/5551911752882";"matheus.nunes@outlook.com";"Medicina de Família e Comunidade";"Porto Alegre";"RS";"Diretório Nacional de Especialistas & Prescritores"
"Dr. Marcelo Lima Gonçalves";"5582927953538";"https://wa.me/5582927953538";"marcelo.lima@drsaude.com.br";"Medicina de Família e Comunidade";"Maceió";"AL";"Diretório Nacional de Especialistas & Prescritores"
"Dr. Daniel Lopes Costa";"5534944694022";"https://wa.me/5534944694022";"daniel.lopes@gmail.com";"Neurologia / Epilepsia e Transtornos Neurodegenerativos";"Uberlândia";"MG";"Diretório Nacional de Especialistas & Prescritores"
"Dra. Vanessa Vieira Lima";"5571917461964";"https://wa.me/5571917461964";"vanessa.vieira@outlook.com";"Geriatria & Cuidados Paliativos";"Salvador";"BA";"Diretório Nacional de Especialistas & Prescritores"
"Dra. Larissa Martins Lopes";"5531928465359";"https://wa.me/5531928465359";"larissa.martins@drsaude.com.br";"Clínica Médica / Terapia Endocanabinoide";"Belo Horizonte";"MG";"Diretório Nacional de Especialistas & Prescritores"
"Dra. Ana Paula Mendes Mendes";"5521924334421";"https://wa.me/5521924334421";"anapaula.mendes@clinicamedica.com.br";"Endocrinologia / Modulação Hormonal e Canabinoide";"Rio de Janeiro";"RJ";"Diretório Nacional de Especialistas & Prescritores"
"Dr. Thiago Gomes Costa";"5543916983438";"https://wa.me/5543916983438";"thiago.gomes@drsaude.com.br";"Medicina de Família e Comunidade";"Londrina";"PR";"Diretório Nacional de Especialistas & Prescritores"
"Dra. Luciana Moreira Rodrigues";"5521966403161";"https://wa.me/5521966403161";"luciana.moreira@saudeintegrativa.med.br";"Clínica Médica / Terapia Endocanabinoide";"Niterói";"RJ";"Diretório Nacional de Especialistas & Prescritores"
"Dra. Helena Silva Soares";"5584961316918";"https://wa.me/5584961316918";"helena.silva@institutocanabis.med.br";"Medicina Canabinoide / Dor Crônica";"Natal";"RN";"Diretório Nacional de Especialistas & Prescritores"
"Dr. André Moreira Souza";"5547933658365";"https://wa.me/5547933658365";"andré.moreira@outlook.com";"Clínica Médica / Terapia Endocanabinoide";"Joinville";"SC";"Diretório Nacional de Especialistas & Prescritores"
"Dr. Carlos Martins Vieira";"5571921019910";"https://wa.me/5571921019910";"carlos.martins@clinicamedica.com.br";"Fitoterapia Médica / Cannabis Terapêutica";"Salvador";"BA";"Diretório Nacional de Especialistas & Prescritores"
"Dr. Fernando Moreira Nunes";"5554916841105";"https://wa.me/5554916841105";"fernando.moreira@gmail.com";"Fitoterapia Médica / Cannabis Terapêutica";"Caxias do Sul";"RS";"Diretório Nacional de Especialistas & Prescritores"
"Dra. Larissa Vieira Nunes";"5583953822337";"https://wa.me/5583953822337";"larissa.vieira@consultoriomed.com.br";"Neurologia / Epilepsia e Transtornos Neurodegenerativos";"João Pessoa";"PB";"Diretório Nacional de Especialistas & Prescritores"
"Dra. Amanda Alves Silva";"5513963708127";"https://wa.me/5513963708127";"amanda.alves@clinicamedica.com.br";"Fitoterapia Médica / Cannabis Terapêutica";"Santos";"SP";"Diretório Nacional de Especialistas & Prescritores"
"Dr. Rodrigo Nunes Pereira";"5541920401336";"https://wa.me/5541920401336";"rodrigo.nunes@outlook.com";"Ortopedia & Traumatologia / Tratamento da Dor";"Curitiba";"PR";"Diretório Nacional de Especialistas & Prescritores"
"Dr. Rodrigo Gomes Costa";"5512963339074";"https://wa.me/5512963339074";"rodrigo.gomes@clinicamedica.com.br";"Geriatria & Cuidados Paliativos";"São José dos Campos";"SP";"Diretório Nacional de Especialistas & Prescritores"
"Dra. Clarissa Vieira Carvalho";"5543919515219";"https://wa.me/5543919515219";"clarissa.vieira@saudeintegrativa.med.br";"Fitoterapia Médica / Cannabis Terapêutica";"Londrina";"PR";"Diretório Nacional de Especialistas & Prescritores"
"Dr. André Santana Ferreira";"5565996594488";"https://wa.me/5565996594488";"andré.santana@outlook.com";"Medicina Integrativa & Funcional";"Cuiabá";"MT";"Diretório Nacional de Especialistas & Prescritores"
"Dra. Amanda Oliveira Costa";"5544915100223";"https://wa.me/5544915100223";"amanda.oliveira@clinicamedica.com.br";"Medicina Integrativa & Funcional";"Maringá";"PR";"Diretório Nacional de Especialistas & Prescritores"
"Dra. Helena Rodrigues Souza";"5565924287633";"https://wa.me/5565924287633";"helena.rodrigues@institutocanabis.med.br";"Neurologia / Epilepsia e Transtornos Neurodegenerativos";"Cuiabá";"MT";"Diretório Nacional de Especialistas & Prescritores"
"Dra. Larissa Teixeira Mendes";"5541924696504";"https://wa.me/5541924696504";"larissa.teixeira@saudeintegrativa.med.br";"Medicina de Família e Comunidade";"Curitiba";"PR";"Diretório Nacional de Especialistas & Prescritores"
"Dr. Diego Cardoso Marques";"5543965268306";"https://wa.me/5543965268306";"diego.cardoso@clinicamedica.com.br";"Neurologia / Epilepsia e Transtornos Neurodegenerativos";"Londrina";"PR";"Diretório Nacional de Especialistas & Prescritores"
"Dra. Clarissa Oliveira Costa";"5544998968705";"https://wa.me/5544998968705";"clarissa.oliveira@consultoriomed.com.br";"Medicina de Família e Comunidade";"Maringá";"PR";"Diretório Nacional de Especialistas & Prescritores"
"Dr. Marcelo Souza Martins";"5581923257940";"https://wa.me/5581923257940";"marcelo.souza@drsaude.com.br";"Neurologia / Epilepsia e Transtornos Neurodegenerativos";"Recife";"PE";"Diretório Nacional de Especialistas & Prescritores"
"Dr. Guilherme Souza Freitas";"5543944303368";"https://wa.me/5543944303368";"guilherme.souza@clinicamedica.com.br";"Geriatria & Cuidados Paliativos";"Londrina";"PR";"Diretório Nacional de Especialistas & Prescritores"
"Dr. Felipe Souza Rocha";"5544960693652";"https://wa.me/5544960693652";"felipe.souza@gmail.com";"Medicina Canabinoide / Dor Crônica";"Maringá";"PR";"Diretório Nacional de Especialistas & Prescritores"
"Dra. Clarissa Santos Fernandes";"5554988145257";"https://wa.me/5554988145257";"clarissa.santos@gmail.com";"Geriatria & Cuidados Paliativos";"Caxias do Sul";"RS";"Diretório Nacional de Especialistas & Prescritores"
"Dr. Marcelo Pereira Barbosa";"5524942369025";"https://wa.me/5524942369025";"marcelo.pereira@gmail.com";"Geriatria & Cuidados Paliativos";"Petrópolis";"RJ";"Diretório Nacional de Especialistas & Prescritores"
"Dra. Bruna Oliveira Nunes";"5585946486903";"https://wa.me/5585946486903";"bruna.oliveira@institutocanabis.med.br";"Neurologia / Epilepsia e Transtornos Neurodegenerativos";"Fortaleza";"CE";"Diretório Nacional de Especialistas & Prescritores"
"Dr. Otavio Teixeira Lima";"5554955688365";"https://wa.me/5554955688365";"otavio.teixeira@clinicamedica.com.br";"Psiquiatria Integrativa / Ansiedade e TDAH";"Caxias do Sul";"RS";"Diretório Nacional de Especialistas & Prescritores"
"Dra. Luiza Vieira Mendes";"5524924871157";"https://wa.me/5524924871157";"luiza.vieira@outlook.com";"Clínica Médica / Terapia Endocanabinoide";"Petrópolis";"RJ";"Diretório Nacional de Especialistas & Prescritores"
"Dra. Fernanda Rocha Vieira";"5571959210188";"https://wa.me/5571959210188";"fernanda.rocha@gmail.com";"Fitoterapia Médica / Cannabis Terapêutica";"Salvador";"BA";"Diretório Nacional de Especialistas & Prescritores"
"Dra. Natalia Teixeira Alves";"5551957586063";"https://wa.me/5551957586063";"natalia.teixeira@outlook.com";"Ortopedia & Traumatologia / Tratamento da Dor";"Porto Alegre";"RS";"Diretório Nacional de Especialistas & Prescritores"
"Dra. Bruna Pereira Lopes";"5512981403797";"https://wa.me/5512981403797";"bruna.pereira@institutocanabis.med.br";"Fitoterapia Médica / Cannabis Terapêutica";"São José dos Campos";"SP";"Diretório Nacional de Especialistas & Prescritores"
"Dra. Thais Santos Ramos";"5561947094086";"https://wa.me/5561947094086";"thais.santos@gmail.com";"Geriatria & Cuidados Paliativos";"Brasília";"DF";"Diretório Nacional de Especialistas & Prescritores"
"Dr. Alexandre Ferreira Pereira";"5581941345593";"https://wa.me/5581941345593";"alexandre.ferreira@clinicamedica.com.br";"Ortopedia & Traumatologia / Tratamento da Dor";"Recife";"PE";"Diretório Nacional de Especialistas & Prescritores"
"Dr. Matheus Gonçalves Souza";"5567927487880";"https://wa.me/5567927487880";"matheus.gonçalves@gmail.com";"Medicina Canabinoide / Dor Crônica";"Campo Grande";"MS";"Diretório Nacional de Especialistas & Prescritores"
"Dra. Clarissa Costa Ribeiro";"5519976721968";"https://wa.me/5519976721968";"clarissa.costa@institutocanabis.med.br";"Geriatria & Cuidados Paliativos";"Campinas";"SP";"Diretório Nacional de Especialistas & Prescritores"
"Dra. Flavia Andrade Ferreira";"5581984726382";"https://wa.me/5581984726382";"flavia.andrade@drsaude.com.br";"Geriatria & Cuidados Paliativos";"Recife";"PE";"Diretório Nacional de Especialistas & Prescritores"
"Dra. Juliana Almeida Ferreira";"5532943686200";"https://wa.me/5532943686200";"juliana.almeida@saudeintegrativa.med.br";"Neurologia / Epilepsia e Transtornos Neurodegenerativos";"Juiz de Fora";"MG";"Diretório Nacional de Especialistas & Prescritores"
"Dr. Leonardo Dias Teixeira";"5548984630362";"https://wa.me/5548984630362";"leonardo.dias@drsaude.com.br";"Psiquiatria Integrativa / Ansiedade e TDAH";"Florianópolis";"SC";"Diretório Nacional de Especialistas & Prescritores"
"Dr. André Gonçalves Gomes";"5583981254019";"https://wa.me/5583981254019";"andré.gonçalves@consultoriomed.com.br";"Medicina de Família e Comunidade";"João Pessoa";"PB";"Diretório Nacional de Especialistas & Prescritores"
"Dr. Vinicius Pereira Gonçalves";"5531973630463";"https://wa.me/5531973630463";"vinicius.pereira@clinicamedica.com.br";"Endocrinologia / Modulação Hormonal e Canabinoide";"Belo Horizonte";"MG";"Diretório Nacional de Especialistas & Prescritores"
"Dra. Denise Silva Vieira";"5521971258834";"https://wa.me/5521971258834";"denise.silva@saudeintegrativa.med.br";"Geriatria & Cuidados Paliativos";"Niterói";"RJ";"Diretório Nacional de Especialistas & Prescritores"
"Dr. Daniel Ferreira Santana";"5531923037257";"https://wa.me/5531923037257";"daniel.ferreira@outlook.com";"Medicina Canabinoide / Dor Crônica";"Belo Horizonte";"MG";"Diretório Nacional de Especialistas & Prescritores"
"Dra. Gabriela Machado Dias";"5584971404241";"https://wa.me/5584971404241";"gabriela.machado@clinicamedica.com.br";"Psiquiatria Integrativa / Ansiedade e TDAH";"Natal";"RN";"Diretório Nacional de Especialistas & Prescritores"
"Dr. Henrique Moreira Rodrigues";"5513913361657";"https://wa.me/5513913361657";"henrique.moreira@clinicamedica.com.br";"Clínica Médica / Terapia Endocanabinoide";"Santos";"SP";"Diretório Nacional de Especialistas & Prescritores"
"Dr. Guilherme Nunes Soares";"5547917186523";"https://wa.me/5547917186523";"guilherme.nunes@institutocanabis.med.br";"Medicina Integrativa & Funcional";"Joinville";"SC";"Diretório Nacional de Especialistas & Prescritores"
"Dr. Matheus Vieira Vieira";"5524941524850";"https://wa.me/5524941524850";"matheus.vieira@outlook.com";"Psiquiatria Integrativa / Ansiedade e TDAH";"Petrópolis";"RJ";"Diretório Nacional de Especialistas & Prescritores"
"Dra. Larissa Marques Souza";"5532925221937";"https://wa.me/5532925221937";"larissa.marques@saudeintegrativa.med.br";"Medicina Canabinoide / Dor Crônica";"Juiz de Fora";"MG";"Diretório Nacional de Especialistas & Prescritores"
"Dr. André Rocha Ribeiro";"5532927688502";"https://wa.me/5532927688502";"andré.rocha@clinicamedica.com.br";"Ortopedia & Traumatologia / Tratamento da Dor";"Juiz de Fora";"MG";"Diretório Nacional de Especialistas & Prescritores"
"Dra. Vanessa Lima Ferreira";"5562982851500";"https://wa.me/5562982851500";"vanessa.lima@clinicamedica.com.br";"Neurologia / Epilepsia e Transtornos Neurodegenerativos";"Goiânia";"GO";"Diretório Nacional de Especialistas & Prescritores"
"Dr. Daniel Rodrigues Gonçalves";"5519932753287";"https://wa.me/5519932753287";"daniel.rodrigues@institutocanabis.med.br";"Psiquiatria Integrativa / Ansiedade e TDAH";"Campinas";"SP";"Diretório Nacional de Especialistas & Prescritores"
"Dr. Guilherme Ferreira Ramos";"5521941133165";"https://wa.me/5521941133165";"guilherme.ferreira@drsaude.com.br";"Medicina Canabinoide / Dor Crônica";"Rio de Janeiro";"RJ";"Diretório Nacional de Especialistas & Prescritores"
"Dra. Clarissa Nascimento Vieira";"5534947021130";"https://wa.me/5534947021130";"clarissa.nascimento@institutocanabis.med.br";"Clínica Médica / Terapia Endocanabinoide";"Uberlândia";"MG";"Diretório Nacional de Especialistas & Prescritores"
"Dr. Sergio Silva Mendes";"5565919875336";"https://wa.me/5565919875336";"sergio.silva@clinicamedica.com.br";"Geriatria & Cuidados Paliativos";"Cuiabá";"MT";"Diretório Nacional de Especialistas & Prescritores"
"Dra. Fernanda Dias Souza";"5562925944779";"https://wa.me/5562925944779";"fernanda.dias@drsaude.com.br";"Fitoterapia Médica / Cannabis Terapêutica";"Goiânia";"GO";"Diretório Nacional de Especialistas & Prescritores"
"Dra. Sabrina Vieira Nunes";"5531945222004";"https://wa.me/5531945222004";"sabrina.vieira@institutocanabis.med.br";"Ortopedia & Traumatologia / Tratamento da Dor";"Belo Horizonte";"MG";"Diretório Nacional de Especialistas & Prescritores"
"Dra. Luciana Dias Ribeiro";"5519913419496";"https://wa.me/5519913419496";"luciana.dias@clinicamedica.com.br";"Medicina Integrativa & Funcional";"Campinas";"SP";"Diretório Nacional de Especialistas & Prescritores"
"Dr. Thiago Teixeira Fernandes";"5584965457771";"https://wa.me/5584965457771";"thiago.teixeira@saudeintegrativa.med.br";"Ortopedia & Traumatologia / Tratamento da Dor";"Natal";"RN";"Diretório Nacional de Especialistas & Prescritores"
"Dr. Murilo Cardoso Dias";"5521959627439";"https://wa.me/5521959627439";"murilo.cardoso@saudeintegrativa.med.br";"Medicina Canabinoide / Dor Crônica";"Rio de Janeiro";"RJ";"Diretório Nacional de Especialistas & Prescritores"
"Dr. Rodrigo Nascimento Souza";"5585946953846";"https://wa.me/5585946953846";"rodrigo.nascimento@consultoriomed.com.br";"Geriatria & Cuidados Paliativos";"Fortaleza";"CE";"Diretório Nacional de Especialistas & Prescritores"
"Dra. Larissa Teixeira Carvalho";"5534910606175";"https://wa.me/5534910606175";"larissa.teixeira@consultoriomed.com.br";"Endocrinologia / Modulação Hormonal e Canabinoide";"Uberlândia";"MG";"Diretório Nacional de Especialistas & Prescritores"
"Dr. Vitor Nascimento Santana";"5532979790094";"https://wa.me/5532979790094";"vitor.nascimento@outlook.com";"Medicina de Família e Comunidade";"Juiz de Fora";"MG";"Diretório Nacional de Especialistas & Prescritores"
"Dra. Sabrina Gomes Machado";"5551935213182";"https://wa.me/5551935213182";"sabrina.gomes@gmail.com";"Medicina Integrativa & Funcional";"Porto Alegre";"RS";"Diretório Nacional de Especialistas & Prescritores"
"Dr. Caio Carvalho Marques";"5582928328624";"https://wa.me/5582928328624";"caio.carvalho@saudeintegrativa.med.br";"Psiquiatria Integrativa / Ansiedade e TDAH";"Maceió";"AL";"Diretório Nacional de Especialistas & Prescritores"
"Dra. Ana Paula Moreira Ramos";"5513913775498";"https://wa.me/5513913775498";"anapaula.moreira@gmail.com";"Medicina de Família e Comunidade";"Santos";"SP";"Diretório Nacional de Especialistas & Prescritores"
"Dr. Marcelo Machado Lima";"5531978620332";"https://wa.me/5531978620332";"marcelo.machado@gmail.com";"Medicina Canabinoide / Dor Crônica";"Belo Horizonte";"MG";"Diretório Nacional de Especialistas & Prescritores"
"Dra. Carolina Silva Ferreira";"5554951739749";"https://wa.me/5554951739749";"carolina.silva@saudeintegrativa.med.br";"Neurologia / Epilepsia e Transtornos Neurodegenerativos";"Caxias do Sul";"RS";"Diretório Nacional de Especialistas & Prescritores"
"Dr. Felipe Soares Pereira";"5543965175753";"https://wa.me/5543965175753";"felipe.soares@outlook.com";"Medicina Canabinoide / Dor Crônica";"Londrina";"PR";"Diretório Nacional de Especialistas & Prescritores"
"Dr. Daniel Ferreira Almeida";"5511974508434";"https://wa.me/5511974508434";"daniel.ferreira@institutocanabis.med.br";"Psiquiatria Integrativa / Ansiedade e TDAH";"São Paulo";"SP";"Diretório Nacional de Especialistas & Prescritores"
"Dr. Vitor Gonçalves Ferreira";"5513941452262";"https://wa.me/5513941452262";"vitor.gonçalves@saudeintegrativa.med.br";"Medicina Integrativa & Funcional";"Santos";"SP";"Diretório Nacional de Especialistas & Prescritores"
"Dra. Carolina Barbosa Oliveira";"5532970391576";"https://wa.me/5532970391576";"carolina.barbosa@institutocanabis.med.br";"Medicina Canabinoide / Dor Crônica";"Juiz de Fora";"MG";"Diretório Nacional de Especialistas & Prescritores"
"Dra. Isabela Oliveira Dias";"5524993627921";"https://wa.me/5524993627921";"isabela.oliveira@outlook.com";"Ortopedia & Traumatologia / Tratamento da Dor";"Petrópolis";"RJ";"Diretório Nacional de Especialistas & Prescritores"
"Dra. Tatiana Ferreira Moreira";"5513918278808";"https://wa.me/5513918278808";"tatiana.ferreira@outlook.com";"Endocrinologia / Modulação Hormonal e Canabinoide";"Santos";"SP";"Diretório Nacional de Especialistas & Prescritores"
"Dr. Leonardo Mendes Machado";"5548953107077";"https://wa.me/5548953107077";"leonardo.mendes@outlook.com";"Medicina de Família e Comunidade";"Florianópolis";"SC";"Diretório Nacional de Especialistas & Prescritores"
"Dr. Leonardo Teixeira Teixeira";"5548936342082";"https://wa.me/5548936342082";"leonardo.teixeira@institutocanabis.med.br";"Clínica Médica / Terapia Endocanabinoide";"Florianópolis";"SC";"Diretório Nacional de Especialistas & Prescritores"
"Dr. Rafael Mendes Marques";"5581920858575";"https://wa.me/5581920858575";"rafael.mendes@gmail.com";"Psiquiatria Integrativa / Ansiedade e TDAH";"Recife";"PE";"Diretório Nacional de Especialistas & Prescritores"
"Dr. Guilherme Gonçalves Cardoso";"5512934023440";"https://wa.me/5512934023440";"guilherme.gonçalves@drsaude.com.br";"Geriatria & Cuidados Paliativos";"São José dos Campos";"SP";"Diretório Nacional de Especialistas & Prescritores"
"Dr. Vitor Fernandes Santos";"5543956982623";"https://wa.me/5543956982623";"vitor.fernandes@outlook.com";"Clínica Médica / Terapia Endocanabinoide";"Londrina";"PR";"Diretório Nacional de Especialistas & Prescritores"
"Dr. Rodrigo Lima Barbosa";"5561980974580";"https://wa.me/5561980974580";"rodrigo.lima@consultoriomed.com.br";"Medicina Canabinoide / Dor Crônica";"Brasília";"DF";"Diretório Nacional de Especialistas & Prescritores"
"Dr. Murilo Rocha Freitas";"5524938539912";"https://wa.me/5524938539912";"murilo.rocha@saudeintegrativa.med.br";"Ortopedia & Traumatologia / Tratamento da Dor";"Petrópolis";"RJ";"Diretório Nacional de Especialistas & Prescritores"
"Dra. Gabriela Gomes Santos";"5561973333230";"https://wa.me/5561973333230";"gabriela.gomes@saudeintegrativa.med.br";"Medicina de Família e Comunidade";"Brasília";"DF";"Diretório Nacional de Especialistas & Prescritores"
"Dra. Priscila Gomes Nascimento";"5585954364035";"https://wa.me/5585954364035";"priscila.gomes@consultoriomed.com.br";"Neurologia / Epilepsia e Transtornos Neurodegenerativos";"Fortaleza";"CE";"Diretório Nacional de Especialistas & Prescritores"
"Dra. Natalia Mendes Almeida";"5585981883727";"https://wa.me/5585981883727";"natalia.mendes@gmail.com";"Medicina Integrativa & Funcional";"Fortaleza";"CE";"Diretório Nacional de Especialistas & Prescritores"
"Dr. Eduardo Santana Rodrigues";"5513987147343";"https://wa.me/5513987147343";"eduardo.santana@institutocanabis.med.br";"Psiquiatria Integrativa / Ansiedade e TDAH";"Santos";"SP";"Diretório Nacional de Especialistas & Prescritores"
"Dr. Carlos Oliveira Santana";"5524918576751";"https://wa.me/5524918576751";"carlos.oliveira@gmail.com";"Medicina Canabinoide / Dor Crônica";"Petrópolis";"RJ";"Diretório Nacional de Especialistas & Prescritores"
"Dra. Luiza Barbosa Vieira";"5567999010996";"https://wa.me/5567999010996";"luiza.barbosa@drsaude.com.br";"Medicina Canabinoide / Dor Crônica";"Campo Grande";"MS";"Diretório Nacional de Especialistas & Prescritores"
"Dr. Guilherme Gonçalves Moreira";"5567947760804";"https://wa.me/5567947760804";"guilherme.gonçalves@saudeintegrativa.med.br";"Medicina de Família e Comunidade";"Campo Grande";"MS";"Diretório Nacional de Especialistas & Prescritores"
"Dr. Eduardo Gonçalves Souza";"5547969345027";"https://wa.me/5547969345027";"eduardo.gonçalves@consultoriomed.com.br";"Clínica Médica / Terapia Endocanabinoide";"Joinville";"SC";"Diretório Nacional de Especialistas & Prescritores"
"Dr. Henrique Vieira Mendes";"5521971273845";"https://wa.me/5521971273845";"henrique.vieira@institutocanabis.med.br";"Medicina de Família e Comunidade";"Rio de Janeiro";"RJ";"Diretório Nacional de Especialistas & Prescritores"
"Dra. Thais Fernandes Cardoso";"5585923341475";"https://wa.me/5585923341475";"thais.fernandes@outlook.com";"Psiquiatria Integrativa / Ansiedade e TDAH";"Fortaleza";"CE";"Diretório Nacional de Especialistas & Prescritores"
"Dra. Priscila Lopes Teixeira";"5548915978498";"https://wa.me/5548915978498";"priscila.lopes@consultoriomed.com.br";"Medicina Canabinoide / Dor Crônica";"Florianópolis";"SC";"Diretório Nacional de Especialistas & Prescritores"
"Dr. Rodrigo Alves Ferreira";"5519990564893";"https://wa.me/5519990564893";"rodrigo.alves@institutocanabis.med.br";"Fitoterapia Médica / Cannabis Terapêutica";"Campinas";"SP";"Diretório Nacional de Especialistas & Prescritores"
"Dra. Flavia Silva Barbosa";"5534910065757";"https://wa.me/5534910065757";"flavia.silva@saudeintegrativa.med.br";"Psiquiatria Integrativa / Ansiedade e TDAH";"Uberlândia";"MG";"Diretório Nacional de Especialistas & Prescritores"
"Dr. Thiago Machado Costa";"5554971020076";"https://wa.me/5554971020076";"thiago.machado@consultoriomed.com.br";"Psiquiatria Integrativa / Ansiedade e TDAH";"Caxias do Sul";"RS";"Diretório Nacional de Especialistas & Prescritores"
"Dra. Thais Cardoso Fernandes";"5543974106682";"https://wa.me/5543974106682";"thais.cardoso@saudeintegrativa.med.br";"Clínica Médica / Terapia Endocanabinoide";"Londrina";"PR";"Diretório Nacional de Especialistas & Prescritores"
"Dra. Sabrina Ferreira Ramos";"5519998934196";"https://wa.me/5519998934196";"sabrina.ferreira@consultoriomed.com.br";"Medicina Canabinoide / Dor Crônica";"Campinas";"SP";"Diretório Nacional de Especialistas & Prescritores"
"Dra. Patricia Carvalho Marques";"5565974437730";"https://wa.me/5565974437730";"patricia.carvalho@gmail.com";"Medicina de Família e Comunidade";"Cuiabá";"MT";"Diretório Nacional de Especialistas & Prescritores"
"Dr. Marcelo Pereira Ramos";"5544945918622";"https://wa.me/5544945918622";"marcelo.pereira@saudeintegrativa.med.br";"Psiquiatria Integrativa / Ansiedade e TDAH";"Maringá";"PR";"Diretório Nacional de Especialistas & Prescritores"
"Dra. Roberta Santos Costa";"5554989775599";"https://wa.me/5554989775599";"roberta.santos@gmail.com";"Fitoterapia Médica / Cannabis Terapêutica";"Caxias do Sul";"RS";"Diretório Nacional de Especialistas & Prescritores"
"Dra. Fernanda Martins Santos";"5541975832574";"https://wa.me/5541975832574";"fernanda.martins@institutocanabis.med.br";"Neurologia / Epilepsia e Transtornos Neurodegenerativos";"Curitiba";"PR";"Diretório Nacional de Especialistas & Prescritores"
"Dra. Renata Barbosa Ramos";"5524932894210";"https://wa.me/5524932894210";"renata.barbosa@drsaude.com.br";"Psiquiatria Integrativa / Ansiedade e TDAH";"Petrópolis";"RJ";"Diretório Nacional de Especialistas & Prescritores"
"Dr. Fernando Oliveira Marques";"5562926250195";"https://wa.me/5562926250195";"fernando.oliveira@clinicamedica.com.br";"Ortopedia & Traumatologia / Tratamento da Dor";"Goiânia";"GO";"Diretório Nacional de Especialistas & Prescritores"
"Dra. Renata Dias Almeida";"5567926370881";"https://wa.me/5567926370881";"renata.dias@outlook.com";"Psiquiatria Integrativa / Ansiedade e TDAH";"Campo Grande";"MS";"Diretório Nacional de Especialistas & Prescritores"
"Dra. Beatriz Ramos Mendes";"5532932557261";"https://wa.me/5532932557261";"beatriz.ramos@saudeintegrativa.med.br";"Medicina Integrativa & Funcional";"Juiz de Fora";"MG";"Diretório Nacional de Especialistas & Prescritores"
"Dra. Beatriz Pereira Lopes";"5516974010545";"https://wa.me/5516974010545";"beatriz.pereira@institutocanabis.med.br";"Endocrinologia / Modulação Hormonal e Canabinoide";"Ribeirão Preto";"SP";"Diretório Nacional de Especialistas & Prescritores"
"Dr. Caio Teixeira Pereira";"5583978691826";"https://wa.me/5583978691826";"caio.teixeira@clinicamedica.com.br";"Neurologia / Epilepsia e Transtornos Neurodegenerativos";"João Pessoa";"PB";"Diretório Nacional de Especialistas & Prescritores"
"Dra. Roberta Marques Dias";"5565983056074";"https://wa.me/5565983056074";"roberta.marques@saudeintegrativa.med.br";"Fitoterapia Médica / Cannabis Terapêutica";"Cuiabá";"MT";"Diretório Nacional de Especialistas & Prescritores"
"Dra. Mariana Gonçalves Pereira";"5511933103962";"https://wa.me/5511933103962";"mariana.gonçalves@gmail.com";"Medicina Integrativa & Funcional";"São Paulo";"SP";"Diretório Nacional de Especialistas & Prescritores"
"Dr. Caio Rodrigues Almeida";"5561947212325";"https://wa.me/5561947212325";"caio.rodrigues@gmail.com";"Medicina de Família e Comunidade";"Brasília";"DF";"Diretório Nacional de Especialistas & Prescritores"
"Dr. Thiago Mendes Gomes";"5524963424705";"https://wa.me/5524963424705";"thiago.mendes@drsaude.com.br";"Geriatria & Cuidados Paliativos";"Petrópolis";"RJ";"Diretório Nacional de Especialistas & Prescritores"
"Dra. Gabriela Santana Alves";"5516911588563";"https://wa.me/5516911588563";"gabriela.santana@institutocanabis.med.br";"Medicina de Família e Comunidade";"Ribeirão Preto";"SP";"Diretório Nacional de Especialistas & Prescritores"
"Dr. André Alves Fernandes";"5583927633522";"https://wa.me/5583927633522";"andré.alves@gmail.com";"Geriatria & Cuidados Paliativos";"João Pessoa";"PB";"Diretório Nacional de Especialistas & Prescritores"
"Dr. Carlos Barbosa Ramos";"5561984267782";"https://wa.me/5561984267782";"carlos.barbosa@outlook.com";"Neurologia / Epilepsia e Transtornos Neurodegenerativos";"Brasília";"DF";"Diretório Nacional de Especialistas & Prescritores"
"Dra. Patricia Freitas Vieira";"5584995234029";"https://wa.me/5584995234029";"patricia.freitas@clinicamedica.com.br";"Clínica Médica / Terapia Endocanabinoide";"Natal";"RN";"Diretório Nacional de Especialistas & Prescritores"
"Dra. Natalia Dias Ramos";"5562980949178";"https://wa.me/5562980949178";"natalia.dias@gmail.com";"Geriatria & Cuidados Paliativos";"Goiânia";"GO";"Diretório Nacional de Especialistas & Prescritores"
"Dr. André Pereira Lima";"5547943550634";"https://wa.me/5547943550634";"andré.pereira@gmail.com";"Medicina Integrativa & Funcional";"Joinville";"SC";"Diretório Nacional de Especialistas & Prescritores"
"Dra. Denise Rodrigues Cardoso";"5583960946542";"https://wa.me/5583960946542";"denise.rodrigues@consultoriomed.com.br";"Ortopedia & Traumatologia / Tratamento da Dor";"João Pessoa";"PB";"Diretório Nacional de Especialistas & Prescritores"
"Dra. Roberta Almeida Lopes";"5524957034469";"https://wa.me/5524957034469";"roberta.almeida@drsaude.com.br";"Endocrinologia / Modulação Hormonal e Canabinoide";"Petrópolis";"RJ";"Diretório Nacional de Especialistas & Prescritores"
"Dr. Murilo Almeida Almeida";"5531928797954";"https://wa.me/5531928797954";"murilo.almeida@outlook.com";"Medicina Canabinoide / Dor Crônica";"Belo Horizonte";"MG";"Diretório Nacional de Especialistas & Prescritores"
"Dra. Amanda Oliveira Andrade";"5521937971359";"https://wa.me/5521937971359";"amanda.oliveira@institutocanabis.med.br";"Fitoterapia Médica / Cannabis Terapêutica";"Rio de Janeiro";"RJ";"Diretório Nacional de Especialistas & Prescritores"
"Dr. Gustavo Carvalho Soares";"5551925872986";"https://wa.me/5551925872986";"gustavo.carvalho@outlook.com";"Clínica Médica / Terapia Endocanabinoide";"Porto Alegre";"RS";"Diretório Nacional de Especialistas & Prescritores"
"Dr. Tiago Martins Ramos";"5531995709487";"https://wa.me/5531995709487";"tiago.martins@gmail.com";"Ortopedia & Traumatologia / Tratamento da Dor";"Belo Horizonte";"MG";"Diretório Nacional de Especialistas & Prescritores"
"Dr. Rafael Nascimento Ramos";"5516986953408";"https://wa.me/5516986953408";"rafael.nascimento@saudeintegrativa.med.br";"Fitoterapia Médica / Cannabis Terapêutica";"Ribeirão Preto";"SP";"Diretório Nacional de Especialistas & Prescritores"
"Dra. Mariana Santos Gomes";"5548951638474";"https://wa.me/5548951638474";"mariana.santos@institutocanabis.med.br";"Medicina Integrativa & Funcional";"Florianópolis";"SC";"Diretório Nacional de Especialistas & Prescritores"
"Dr. Guilherme Nascimento Lopes";"5582936218619";"https://wa.me/5582936218619";"guilherme.nascimento@saudeintegrativa.med.br";"Fitoterapia Médica / Cannabis Terapêutica";"Maceió";"AL";"Diretório Nacional de Especialistas & Prescritores"
"Dra. Thais Rocha Moreira";"5524999303676";"https://wa.me/5524999303676";"thais.rocha@saudeintegrativa.med.br";"Psiquiatria Integrativa / Ansiedade e TDAH";"Petrópolis";"RJ";"Diretório Nacional de Especialistas & Prescritores"
"Dr. Otavio Mendes Mendes";"5583984337458";"https://wa.me/5583984337458";"otavio.mendes@consultoriomed.com.br";"Neurologia / Epilepsia e Transtornos Neurodegenerativos";"João Pessoa";"PB";"Diretório Nacional de Especialistas & Prescritores"
"Dr. Thiago Teixeira Mendes";"5512977845389";"https://wa.me/5512977845389";"thiago.teixeira@saudeintegrativa.med.br";"Neurologia / Epilepsia e Transtornos Neurodegenerativos";"São José dos Campos";"SP";"Diretório Nacional de Especialistas & Prescritores"
"Dr. Bruno Souza Mendes";"5519934075519";"https://wa.me/5519934075519";"bruno.souza@clinicamedica.com.br";"Psiquiatria Integrativa / Ansiedade e TDAH";"Campinas";"SP";"Diretório Nacional de Especialistas & Prescritores"
"Dra. Helena Martins Pereira";"5547963001395";"https://wa.me/5547963001395";"helena.martins@clinicamedica.com.br";"Medicina Canabinoide / Dor Crônica";"Joinville";"SC";"Diretório Nacional de Especialistas & Prescritores"
"Dr. Ricardo Martins Ramos";"5582973814726";"https://wa.me/5582973814726";"ricardo.martins@saudeintegrativa.med.br";"Endocrinologia / Modulação Hormonal e Canabinoide";"Maceió";"AL";"Diretório Nacional de Especialistas & Prescritores"
"Dra. Gabriela Fernandes Ferreira";"5543978807934";"https://wa.me/5543978807934";"gabriela.fernandes@consultoriomed.com.br";"Endocrinologia / Modulação Hormonal e Canabinoide";"Londrina";"PR";"Diretório Nacional de Especialistas & Prescritores"
"Dr. Vitor Nunes Marques";"5532928825962";"https://wa.me/5532928825962";"vitor.nunes@consultoriomed.com.br";"Ortopedia & Traumatologia / Tratamento da Dor";"Juiz de Fora";"MG";"Diretório Nacional de Especialistas & Prescritores"
"Dra. Clarissa Nunes Silva";"5521972087227";"https://wa.me/5521972087227";"clarissa.nunes@gmail.com";"Geriatria & Cuidados Paliativos";"Rio de Janeiro";"RJ";"Diretório Nacional de Especialistas & Prescritores"
"Dra. Juliana Machado Lima";"5551916028785";"https://wa.me/5551916028785";"juliana.machado@gmail.com";"Medicina Integrativa & Funcional";"Porto Alegre";"RS";"Diretório Nacional de Especialistas & Prescritores"
"Dr. Tiago Oliveira Costa";"5516985896763";"https://wa.me/5516985896763";"tiago.oliveira@outlook.com";"Medicina de Família e Comunidade";"Ribeirão Preto";"SP";"Diretório Nacional de Especialistas & Prescritores"
"Dr. Daniel Fernandes Carvalho";"5583920390456";"https://wa.me/5583920390456";"daniel.fernandes@gmail.com";"Psiquiatria Integrativa / Ansiedade e TDAH";"João Pessoa";"PB";"Diretório Nacional de Especialistas & Prescritores"
"Dr. Eduardo Souza Ferreira";"5516966060455";"https://wa.me/5516966060455";"eduardo.souza@clinicamedica.com.br";"Geriatria & Cuidados Paliativos";"Ribeirão Preto";"SP";"Diretório Nacional de Especialistas & Prescritores"
"Dr. Murilo Lima Santos";"5548947001738";"https://wa.me/5548947001738";"murilo.lima@drsaude.com.br";"Medicina de Família e Comunidade";"Florianópolis";"SC";"Diretório Nacional de Especialistas & Prescritores"
"Dra. Beatriz Ribeiro Alves";"5571950355597";"https://wa.me/5571950355597";"beatriz.ribeiro@clinicamedica.com.br";"Endocrinologia / Modulação Hormonal e Canabinoide";"Salvador";"BA";"Diretório Nacional de Especialistas & Prescritores"
"Dra. Gabriela Cardoso Silva";"5561979219758";"https://wa.me/5561979219758";"gabriela.cardoso@clinicamedica.com.br";"Psiquiatria Integrativa / Ansiedade e TDAH";"Brasília";"DF";"Diretório Nacional de Especialistas & Prescritores"
"Dra. Monica Andrade Cardoso";"5541933460669";"https://wa.me/5541933460669";"monica.andrade@saudeintegrativa.med.br";"Endocrinologia / Modulação Hormonal e Canabinoide";"Curitiba";"PR";"Diretório Nacional de Especialistas & Prescritores"
"Dr. Daniel Barbosa Martins";"5565999564709";"https://wa.me/5565999564709";"daniel.barbosa@institutocanabis.med.br";"Clínica Médica / Terapia Endocanabinoide";"Cuiabá";"MT";"Diretório Nacional de Especialistas & Prescritores"
"Dr. André Almeida Soares";"5524924974886";"https://wa.me/5524924974886";"andré.almeida@consultoriomed.com.br";"Ortopedia & Traumatologia / Tratamento da Dor";"Petrópolis";"RJ";"Diretório Nacional de Especialistas & Prescritores"
"Dra. Roberta Rodrigues Moreira";"5547967186198";"https://wa.me/5547967186198";"roberta.rodrigues@institutocanabis.med.br";"Medicina de Família e Comunidade";"Blumenau";"SC";"Diretório Nacional de Especialistas & Prescritores"
"Dr. Guilherme Cardoso Gomes";"5544970478369";"https://wa.me/5544970478369";"guilherme.cardoso@consultoriomed.com.br";"Psiquiatria Integrativa / Ansiedade e TDAH";"Maringá";"PR";"Diretório Nacional de Especialistas & Prescritores"
"Dr. Ricardo Andrade Cardoso";"5524975956611";"https://wa.me/5524975956611";"ricardo.andrade@clinicamedica.com.br";"Clínica Médica / Terapia Endocanabinoide";"Petrópolis";"RJ";"Diretório Nacional de Especialistas & Prescritores"
"Dr. Carlos Machado Silva";"5521925136878";"https://wa.me/5521925136878";"carlos.machado@clinicamedica.com.br";"Clínica Médica / Terapia Endocanabinoide";"Niterói";"RJ";"Diretório Nacional de Especialistas & Prescritores"
"Dra. Monica Rocha Cardoso";"5547928645737";"https://wa.me/5547928645737";"monica.rocha@institutocanabis.med.br";"Medicina Canabinoide / Dor Crônica";"Joinville";"SC";"Diretório Nacional de Especialistas & Prescritores"
"Dra. Camila Marques Dias";"5512985725654";"https://wa.me/5512985725654";"camila.marques@consultoriomed.com.br";"Neurologia / Epilepsia e Transtornos Neurodegenerativos";"São José dos Campos";"SP";"Diretório Nacional de Especialistas & Prescritores"
"Dr. Fernando Freitas Santos";"5544916494614";"https://wa.me/5544916494614";"fernando.freitas@consultoriomed.com.br";"Ortopedia & Traumatologia / Tratamento da Dor";"Maringá";"PR";"Diretório Nacional de Especialistas & Prescritores"
"Dr. Carlos Soares Carvalho";"5551996459921";"https://wa.me/5551996459921";"carlos.soares@institutocanabis.med.br";"Geriatria & Cuidados Paliativos";"Porto Alegre";"RS";"Diretório Nacional de Especialistas & Prescritores"
"Dr. Fabio Lima Lima";"5534988563034";"https://wa.me/5534988563034";"fabio.lima@gmail.com";"Medicina Integrativa & Funcional";"Uberlândia";"MG";"Diretório Nacional de Especialistas & Prescritores"
"Dr. Sergio Lopes Nascimento";"5527956267890";"https://wa.me/5527956267890";"sergio.lopes@outlook.com";"Ortopedia & Traumatologia / Tratamento da Dor";"Vitória";"ES";"Diretório Nacional de Especialistas & Prescritores"
"Dra. Camila Freitas Fernandes";"5521935119547";"https://wa.me/5521935119547";"camila.freitas@institutocanabis.med.br";"Endocrinologia / Modulação Hormonal e Canabinoide";"Niterói";"RJ";"Diretório Nacional de Especialistas & Prescritores"
"Dr. Vinicius Ribeiro Mendes";"5513988208406";"https://wa.me/5513988208406";"vinicius.ribeiro@saudeintegrativa.med.br";"Medicina Integrativa & Funcional";"Santos";"SP";"Diretório Nacional de Especialistas & Prescritores"
"Dr. Vitor Machado Lima";"5512994545731";"https://wa.me/5512994545731";"vitor.machado@gmail.com";"Ortopedia & Traumatologia / Tratamento da Dor";"São José dos Campos";"SP";"Diretório Nacional de Especialistas & Prescritores"
"Dr. Daniel Almeida Lopes";"5544951318872";"https://wa.me/5544951318872";"daniel.almeida@consultoriomed.com.br";"Medicina Canabinoide / Dor Crônica";"Maringá";"PR";"Diretório Nacional de Especialistas & Prescritores"
"Dra. Larissa Barbosa Freitas";"5565970928542";"https://wa.me/5565970928542";"larissa.barbosa@saudeintegrativa.med.br";"Geriatria & Cuidados Paliativos";"Cuiabá";"MT";"Diretório Nacional de Especialistas & Prescritores"
"Dr. Fabio Martins Ramos";"5521992248735";"https://wa.me/5521992248735";"fabio.martins@consultoriomed.com.br";"Medicina Canabinoide / Dor Crônica";"Rio de Janeiro";"RJ";"Diretório Nacional de Especialistas & Prescritores"
"Dr. Fabio Rodrigues Moreira";"5534950060472";"https://wa.me/5534950060472";"fabio.rodrigues@institutocanabis.med.br";"Ortopedia & Traumatologia / Tratamento da Dor";"Uberlândia";"MG";"Diretório Nacional de Especialistas & Prescritores"
"Dra. Leticia Dias Gonçalves";"5543968604544";"https://wa.me/5543968604544";"leticia.dias@outlook.com";"Fitoterapia Médica / Cannabis Terapêutica";"Londrina";"PR";"Diretório Nacional de Especialistas & Prescritores"
"Dra. Larissa Moreira Ribeiro";"5567952725640";"https://wa.me/5567952725640";"larissa.moreira@consultoriomed.com.br";"Endocrinologia / Modulação Hormonal e Canabinoide";"Campo Grande";"MS";"Diretório Nacional de Especialistas & Prescritores"
"Dra. Camila Dias Souza";"5511976965220";"https://wa.me/5511976965220";"camila.dias@saudeintegrativa.med.br";"Psiquiatria Integrativa / Ansiedade e TDAH";"São Paulo";"SP";"Diretório Nacional de Especialistas & Prescritores"
"Dra. Carolina Souza Gonçalves";"5582923187967";"https://wa.me/5582923187967";"carolina.souza@gmail.com";"Neurologia / Epilepsia e Transtornos Neurodegenerativos";"Maceió";"AL";"Diretório Nacional de Especialistas & Prescritores"
"Dra. Natalia Rodrigues Soares";"5567997438982";"https://wa.me/5567997438982";"natalia.rodrigues@institutocanabis.med.br";"Medicina de Família e Comunidade";"Campo Grande";"MS";"Diretório Nacional de Especialistas & Prescritores"
"Dra. Mariana Soares Costa";"5565990060271";"https://wa.me/5565990060271";"mariana.soares@institutocanabis.med.br";"Neurologia / Epilepsia e Transtornos Neurodegenerativos";"Cuiabá";"MT";"Diretório Nacional de Especialistas & Prescritores"
"Dra. Bruna Barbosa Mendes";"5582997594334";"https://wa.me/5582997594334";"bruna.barbosa@drsaude.com.br";"Geriatria & Cuidados Paliativos";"Maceió";"AL";"Diretório Nacional de Especialistas & Prescritores"
"Dr. Marcelo Oliveira Gomes";"5551915740635";"https://wa.me/5551915740635";"marcelo.oliveira@clinicamedica.com.br";"Neurologia / Epilepsia e Transtornos Neurodegenerativos";"Porto Alegre";"RS";"Diretório Nacional de Especialistas & Prescritores"
"Dra. Patricia Costa Teixeira";"5562975116201";"https://wa.me/5562975116201";"patricia.costa@outlook.com";"Fitoterapia Médica / Cannabis Terapêutica";"Goiânia";"GO";"Diretório Nacional de Especialistas & Prescritores"
"Dra. Fernanda Rocha Santana";"5521981451797";"https://wa.me/5521981451797";"fernanda.rocha@outlook.com";"Fitoterapia Médica / Cannabis Terapêutica";"Rio de Janeiro";"RJ";"Diretório Nacional de Especialistas & Prescritores"
"Dra. Thais Soares Moreira";"5516948670770";"https://wa.me/5516948670770";"thais.soares@gmail.com";"Neurologia / Epilepsia e Transtornos Neurodegenerativos";"Ribeirão Preto";"SP";"Diretório Nacional de Especialistas & Prescritores"
"Dra. Monica Ramos Souza";"5524976648777";"https://wa.me/5524976648777";"monica.ramos@saudeintegrativa.med.br";"Geriatria & Cuidados Paliativos";"Petrópolis";"RJ";"Diretório Nacional de Especialistas & Prescritores"
"Dra. Ana Paula Costa Fernandes";"5516940971086";"https://wa.me/5516940971086";"anapaula.costa@institutocanabis.med.br";"Medicina de Família e Comunidade";"Ribeirão Preto";"SP";"Diretório Nacional de Especialistas & Prescritores"
"Dr. Vinicius Gomes Soares";"5571969537277";"https://wa.me/5571969537277";"vinicius.gomes@institutocanabis.med.br";"Medicina Integrativa & Funcional";"Salvador";"BA";"Diretório Nacional de Especialistas & Prescritores"
"Dra. Monica Lima Lopes";"5582932749643";"https://wa.me/5582932749643";"monica.lima@gmail.com";"Fitoterapia Médica / Cannabis Terapêutica";"Maceió";"AL";"Diretório Nacional de Especialistas & Prescritores"
"Dra. Amanda Nascimento Oliveira";"5571997287310";"https://wa.me/5571997287310";"amanda.nascimento@gmail.com";"Clínica Médica / Terapia Endocanabinoide";"Salvador";"BA";"Diretório Nacional de Especialistas & Prescritores"
"Dra. Bruna Almeida Santos";"5543911813889";"https://wa.me/5543911813889";"bruna.almeida@clinicamedica.com.br";"Medicina de Família e Comunidade";"Londrina";"PR";"Diretório Nacional de Especialistas & Prescritores"
"Dra. Patricia Lima Alves";"5551914492872";"https://wa.me/5551914492872";"patricia.lima@institutocanabis.med.br";"Ortopedia & Traumatologia / Tratamento da Dor";"Porto Alegre";"RS";"Diretório Nacional de Especialistas & Prescritores"
"Dr. Sergio Andrade Pereira";"5582936986989";"https://wa.me/5582936986989";"sergio.andrade@saudeintegrativa.med.br";"Medicina Canabinoide / Dor Crônica";"Maceió";"AL";"Diretório Nacional de Especialistas & Prescritores"
"Dra. Denise Almeida Fernandes";"5581943344224";"https://wa.me/5581943344224";"denise.almeida@saudeintegrativa.med.br";"Neurologia / Epilepsia e Transtornos Neurodegenerativos";"Recife";"PE";"Diretório Nacional de Especialistas & Prescritores"
"Dra. Daniela Pereira Ramos";"5524960861493";"https://wa.me/5524960861493";"daniela.pereira@consultoriomed.com.br";"Neurologia / Epilepsia e Transtornos Neurodegenerativos";"Petrópolis";"RJ";"Diretório Nacional de Especialistas & Prescritores"
"Dr. Sergio Rodrigues Souza";"5583921646851";"https://wa.me/5583921646851";"sergio.rodrigues@saudeintegrativa.med.br";"Endocrinologia / Modulação Hormonal e Canabinoide";"João Pessoa";"PB";"Diretório Nacional de Especialistas & Prescritores"
"Dr. Diego Rodrigues Carvalho";"5551963101258";"https://wa.me/5551963101258";"diego.rodrigues@institutocanabis.med.br";"Medicina Canabinoide / Dor Crônica";"Porto Alegre";"RS";"Diretório Nacional de Especialistas & Prescritores"
"Dr. Daniel Moreira Carvalho";"5531995742423";"https://wa.me/5531995742423";"daniel.moreira@outlook.com";"Ortopedia & Traumatologia / Tratamento da Dor";"Belo Horizonte";"MG";"Diretório Nacional de Especialistas & Prescritores"
"Dr. Ricardo Lima Almeida";"5581948586654";"https://wa.me/5581948586654";"ricardo.lima@outlook.com";"Psiquiatria Integrativa / Ansiedade e TDAH";"Recife";"PE";"Diretório Nacional de Especialistas & Prescritores"
"Dr. Sergio Alves Costa";"5548931630756";"https://wa.me/5548931630756";"sergio.alves@consultoriomed.com.br";"Medicina de Família e Comunidade";"Florianópolis";"SC";"Diretório Nacional de Especialistas & Prescritores"
"Dr. Diego Freitas Andrade";"5543995495764";"https://wa.me/5543995495764";"diego.freitas@outlook.com";"Psiquiatria Integrativa / Ansiedade e TDAH";"Londrina";"PR";"Diretório Nacional de Especialistas & Prescritores"
"Dra. Clarissa Santos Alves";"5547951857105";"https://wa.me/5547951857105";"clarissa.santos@consultoriomed.com.br";"Medicina Canabinoide / Dor Crônica";"Blumenau";"SC";"Diretório Nacional de Especialistas & Prescritores"
"Dr. Diego Nascimento Nunes";"5532981678095";"https://wa.me/5532981678095";"diego.nascimento@clinicamedica.com.br";"Medicina Integrativa & Funcional";"Juiz de Fora";"MG";"Diretório Nacional de Especialistas & Prescritores"
"Dra. Daniela Gonçalves Moreira";"5567915272856";"https://wa.me/5567915272856";"daniela.gonçalves@outlook.com";"Medicina Integrativa & Funcional";"Campo Grande";"MS";"Diretório Nacional de Especialistas & Prescritores"
"Dr. Matheus Silva Souza";"5547960983989";"https://wa.me/5547960983989";"matheus.silva@consultoriomed.com.br";"Clínica Médica / Terapia Endocanabinoide";"Blumenau";"SC";"Diretório Nacional de Especialistas & Prescritores"
"Dra. Monica Barbosa Marques";"5513994113263";"https://wa.me/5513994113263";"monica.barbosa@gmail.com";"Ortopedia & Traumatologia / Tratamento da Dor";"Santos";"SP";"Diretório Nacional de Especialistas & Prescritores"
"Dr. Renato Silva Marques";"5581997338686";"https://wa.me/5581997338686";"renato.silva@institutocanabis.med.br";"Ortopedia & Traumatologia / Tratamento da Dor";"Recife";"PE";"Diretório Nacional de Especialistas & Prescritores"
"Dra. Juliana Souza Fernandes";"5547912645789";"https://wa.me/5547912645789";"juliana.souza@outlook.com";"Endocrinologia / Modulação Hormonal e Canabinoide";"Blumenau";"SC";"Diretório Nacional de Especialistas & Prescritores"
"Dr. Rafael Soares Freitas";"5521961859744";"https://wa.me/5521961859744";"rafael.soares@drsaude.com.br";"Medicina Integrativa & Funcional";"Rio de Janeiro";"RJ";"Diretório Nacional de Especialistas & Prescritores"
"Dra. Roberta Marques Costa";"5544949957833";"https://wa.me/5544949957833";"roberta.marques@consultoriomed.com.br";"Medicina Canabinoide / Dor Crônica";"Maringá";"PR";"Diretório Nacional de Especialistas & Prescritores"
"Dra. Amanda Almeida Freitas";"5583915983469";"https://wa.me/5583915983469";"amanda.almeida@clinicamedica.com.br";"Medicina Integrativa & Funcional";"João Pessoa";"PB";"Diretório Nacional de Especialistas & Prescritores"
"Dra. Renata Teixeira Pereira";"5532975386704";"https://wa.me/5532975386704";"renata.teixeira@institutocanabis.med.br";"Neurologia / Epilepsia e Transtornos Neurodegenerativos";"Juiz de Fora";"MG";"Diretório Nacional de Especialistas & Prescritores"
"Dra. Fernanda Santana Santana";"5551992319116";"https://wa.me/5551992319116";"fernanda.santana@gmail.com";"Fitoterapia Médica / Cannabis Terapêutica";"Porto Alegre";"RS";"Diretório Nacional de Especialistas & Prescritores"
"Dra. Gabriela Pereira Cardoso";"5521921332201";"https://wa.me/5521921332201";"gabriela.pereira@gmail.com";"Fitoterapia Médica / Cannabis Terapêutica";"Rio de Janeiro";"RJ";"Diretório Nacional de Especialistas & Prescritores"
"Dra. Sabrina Gomes Rodrigues";"5541983578648";"https://wa.me/5541983578648";"sabrina.gomes@gmail.com";"Geriatria & Cuidados Paliativos";"Curitiba";"PR";"Diretório Nacional de Especialistas & Prescritores"
"Dra. Mariana Lopes Mendes";"5562957109281";"https://wa.me/5562957109281";"mariana.lopes@institutocanabis.med.br";"Psiquiatria Integrativa / Ansiedade e TDAH";"Goiânia";"GO";"Diretório Nacional de Especialistas & Prescritores"
"Dr. Vinicius Martins Ramos";"5567977963781";"https://wa.me/5567977963781";"vinicius.martins@gmail.com";"Medicina de Família e Comunidade";"Campo Grande";"MS";"Diretório Nacional de Especialistas & Prescritores"
"Dra. Luciana Vieira Gomes";"5548963689541";"https://wa.me/5548963689541";"luciana.vieira@consultoriomed.com.br";"Medicina Canabinoide / Dor Crônica";"Florianópolis";"SC";"Diretório Nacional de Especialistas & Prescritores"
"Dr. Rodrigo Lima Marques";"5531952731069";"https://wa.me/5531952731069";"rodrigo.lima@gmail.com";"Psiquiatria Integrativa / Ansiedade e TDAH";"Belo Horizonte";"MG";"Diretório Nacional de Especialistas & Prescritores"
"Dr. Fabio Marques Souza";"5521961356605";"https://wa.me/5521961356605";"fabio.marques@institutocanabis.med.br";"Clínica Médica / Terapia Endocanabinoide";"Niterói";"RJ";"Diretório Nacional de Especialistas & Prescritores"
"Dr. Rafael Nunes Gomes";"5547985920822";"https://wa.me/5547985920822";"rafael.nunes@institutocanabis.med.br";"Medicina de Família e Comunidade";"Blumenau";"SC";"Diretório Nacional de Especialistas & Prescritores"
"Dr. Rodrigo Costa Lima";"5519958233080";"https://wa.me/5519958233080";"rodrigo.costa@gmail.com";"Neurologia / Epilepsia e Transtornos Neurodegenerativos";"Campinas";"SP";"Diretório Nacional de Especialistas & Prescritores"
"Dr. André Teixeira Costa";"5516979090990";"https://wa.me/5516979090990";"andré.teixeira@drsaude.com.br";"Medicina de Família e Comunidade";"Ribeirão Preto";"SP";"Diretório Nacional de Especialistas & Prescritores"
"Dr. Alexandre Ferreira Martins";"5531927572549";"https://wa.me/5531927572549";"alexandre.ferreira@saudeintegrativa.med.br";"Medicina Integrativa & Funcional";"Belo Horizonte";"MG";"Diretório Nacional de Especialistas & Prescritores"
"Dra. Amanda Nunes Fernandes";"5547933091939";"https://wa.me/5547933091939";"amanda.nunes@saudeintegrativa.med.br";"Medicina Canabinoide / Dor Crônica";"Blumenau";"SC";"Diretório Nacional de Especialistas & Prescritores"
"Dr. Guilherme Rocha Almeida";"5544976637951";"https://wa.me/5544976637951";"guilherme.rocha@clinicamedica.com.br";"Endocrinologia / Modulação Hormonal e Canabinoide";"Maringá";"PR";"Diretório Nacional de Especialistas & Prescritores"
"Dr. Leonardo Gonçalves Gonçalves";"5562971844151";"https://wa.me/5562971844151";"leonardo.gonçalves@outlook.com";"Fitoterapia Médica / Cannabis Terapêutica";"Goiânia";"GO";"Diretório Nacional de Especialistas & Prescritores"
"Dra. Isabela Lopes Vieira";"5527947797875";"https://wa.me/5527947797875";"isabela.lopes@outlook.com";"Medicina de Família e Comunidade";"Vitória";"ES";"Diretório Nacional de Especialistas & Prescritores"
"Dr. Alexandre Lima Freitas";"5562959875775";"https://wa.me/5562959875775";"alexandre.lima@saudeintegrativa.med.br";"Medicina Canabinoide / Dor Crônica";"Goiânia";"GO";"Diretório Nacional de Especialistas & Prescritores"
"Dra. Priscila Martins Nascimento";"5512936863308";"https://wa.me/5512936863308";"priscila.martins@gmail.com";"Fitoterapia Médica / Cannabis Terapêutica";"São José dos Campos";"SP";"Diretório Nacional de Especialistas & Prescritores"
"Dr. Fabio Mendes Ferreira";"5521945551597";"https://wa.me/5521945551597";"fabio.mendes@gmail.com";"Clínica Médica / Terapia Endocanabinoide";"Rio de Janeiro";"RJ";"Diretório Nacional de Especialistas & Prescritores"
"Dra. Beatriz Alves Vieira";"5534996815597";"https://wa.me/5534996815597";"beatriz.alves@gmail.com";"Ortopedia & Traumatologia / Tratamento da Dor";"Uberlândia";"MG";"Diretório Nacional de Especialistas & Prescritores"
"Dra. Natalia Costa Soares";"5562953693044";"https://wa.me/5562953693044";"natalia.costa@consultoriomed.com.br";"Medicina Integrativa & Funcional";"Goiânia";"GO";"Diretório Nacional de Especialistas & Prescritores"
"Dr. Otavio Lopes Souza";"5519976605742";"https://wa.me/5519976605742";"otavio.lopes@institutocanabis.med.br";"Geriatria & Cuidados Paliativos";"Campinas";"SP";"Diretório Nacional de Especialistas & Prescritores"
"Dr. Guilherme Martins Gonçalves";"5543973436224";"https://wa.me/5543973436224";"guilherme.martins@drsaude.com.br";"Neurologia / Epilepsia e Transtornos Neurodegenerativos";"Londrina";"PR";"Diretório Nacional de Especialistas & Prescritores"
"Dra. Juliana Rodrigues Mendes";"5583989785730";"https://wa.me/5583989785730";"juliana.rodrigues@gmail.com";"Medicina Canabinoide / Dor Crônica";"João Pessoa";"PB";"Diretório Nacional de Especialistas & Prescritores"
"Dr. Gustavo Martins Lopes";"5527948860383";"https://wa.me/5527948860383";"gustavo.martins@outlook.com";"Geriatria & Cuidados Paliativos";"Vitória";"ES";"Diretório Nacional de Especialistas & Prescritores"
"Dra. Renata Fernandes Martins";"5548915781459";"https://wa.me/5548915781459";"renata.fernandes@institutocanabis.med.br";"Psiquiatria Integrativa / Ansiedade e TDAH";"Florianópolis";"SC";"Diretório Nacional de Especialistas & Prescritores"
"Dra. Gabriela Pereira Santana";"5548974482885";"https://wa.me/5548974482885";"gabriela.pereira@gmail.com";"Clínica Médica / Terapia Endocanabinoide";"Florianópolis";"SC";"Diretório Nacional de Especialistas & Prescritores"
"Dr. André Freitas Ribeiro";"5516997934275";"https://wa.me/5516997934275";"andré.freitas@gmail.com";"Ortopedia & Traumatologia / Tratamento da Dor";"Ribeirão Preto";"SP";"Diretório Nacional de Especialistas & Prescritores"
"Dr. Leandro Dias Teixeira";"5521979387901";"https://wa.me/5521979387901";"leandro.dias@institutocanabis.med.br";"Medicina de Família e Comunidade";"Niterói";"RJ";"Diretório Nacional de Especialistas & Prescritores"
"Dra. Clarissa Rocha Cardoso";"5567954778034";"https://wa.me/5567954778034";"clarissa.rocha@gmail.com";"Endocrinologia / Modulação Hormonal e Canabinoide";"Campo Grande";"MS";"Diretório Nacional de Especialistas & Prescritores"
"Dr. Alexandre Silva Ribeiro";"5583911789704";"https://wa.me/5583911789704";"alexandre.silva@gmail.com";"Psiquiatria Integrativa / Ansiedade e TDAH";"João Pessoa";"PB";"Diretório Nacional de Especialistas & Prescritores"
"Dr. Marcelo Vieira Machado";"5547975232446";"https://wa.me/5547975232446";"marcelo.vieira@clinicamedica.com.br";"Geriatria & Cuidados Paliativos";"Blumenau";"SC";"Diretório Nacional de Especialistas & Prescritores"
"Dr. Otavio Vieira Martins";"5513982919915";"https://wa.me/5513982919915";"otavio.vieira@gmail.com";"Psiquiatria Integrativa / Ansiedade e TDAH";"Santos";"SP";"Diretório Nacional de Especialistas & Prescritores"
"Dr. Lucas Teixeira Andrade";"5581985573263";"https://wa.me/5581985573263";"lucas.teixeira@saudeintegrativa.med.br";"Geriatria & Cuidados Paliativos";"Recife";"PE";"Diretório Nacional de Especialistas & Prescritores"
"Dr. Alexandre Martins Lima";"5565973198111";"https://wa.me/5565973198111";"alexandre.martins@clinicamedica.com.br";"Medicina de Família e Comunidade";"Cuiabá";"MT";"Diretório Nacional de Especialistas & Prescritores"
"Dra. Clarissa Pereira Marques";"5524984835238";"https://wa.me/5524984835238";"clarissa.pereira@consultoriomed.com.br";"Medicina Integrativa & Funcional";"Petrópolis";"RJ";"Diretório Nacional de Especialistas & Prescritores"
"Dr. Rafael Lopes Martins";"5512935479436";"https://wa.me/5512935479436";"rafael.lopes@clinicamedica.com.br";"Fitoterapia Médica / Cannabis Terapêutica";"São José dos Campos";"SP";"Diretório Nacional de Especialistas & Prescritores"
"Dra. Camila Ferreira Alves";"5565933155145";"https://wa.me/5565933155145";"camila.ferreira@institutocanabis.med.br";"Medicina Canabinoide / Dor Crônica";"Cuiabá";"MT";"Diretório Nacional de Especialistas & Prescritores"
"Dra. Gabriela Almeida Nunes";"5581966855523";"https://wa.me/5581966855523";"gabriela.almeida@gmail.com";"Ortopedia & Traumatologia / Tratamento da Dor";"Recife";"PE";"Diretório Nacional de Especialistas & Prescritores"
"Dra. Beatriz Gonçalves Santana";"5561950629288";"https://wa.me/5561950629288";"beatriz.gonçalves@consultoriomed.com.br";"Endocrinologia / Modulação Hormonal e Canabinoide";"Brasília";"DF";"Diretório Nacional de Especialistas & Prescritores"
"Dra. Renata Gomes Santana";"5547979846874";"https://wa.me/5547979846874";"renata.gomes@consultoriomed.com.br";"Fitoterapia Médica / Cannabis Terapêutica";"Blumenau";"SC";"Diretório Nacional de Especialistas & Prescritores"
"Dr. Guilherme Martins Andrade";"5544999906894";"https://wa.me/5544999906894";"guilherme.martins@saudeintegrativa.med.br";"Neurologia / Epilepsia e Transtornos Neurodegenerativos";"Maringá";"PR";"Diretório Nacional de Especialistas & Prescritores"
"Dr. Ricardo Rodrigues Ferreira";"5521983125171";"https://wa.me/5521983125171";"ricardo.rodrigues@saudeintegrativa.med.br";"Endocrinologia / Modulação Hormonal e Canabinoide";"Niterói";"RJ";"Diretório Nacional de Especialistas & Prescritores"
"Dr. Murilo Almeida Barbosa";"5565959392536";"https://wa.me/5565959392536";"murilo.almeida@clinicamedica.com.br";"Clínica Médica / Terapia Endocanabinoide";"Cuiabá";"MT";"Diretório Nacional de Especialistas & Prescritores"
"Dra. Larissa Santos Machado";"5547975816355";"https://wa.me/5547975816355";"larissa.santos@drsaude.com.br";"Fitoterapia Médica / Cannabis Terapêutica";"Blumenau";"SC";"Diretório Nacional de Especialistas & Prescritores"
"Dr. Carlos Rocha Ramos";"5519986165420";"https://wa.me/5519986165420";"carlos.rocha@consultoriomed.com.br";"Psiquiatria Integrativa / Ansiedade e TDAH";"Campinas";"SP";"Diretório Nacional de Especialistas & Prescritores"
"Dr. Lucas Nunes Soares";"5513980741857";"https://wa.me/5513980741857";"lucas.nunes@institutocanabis.med.br";"Medicina de Família e Comunidade";"Santos";"SP";"Diretório Nacional de Especialistas & Prescritores"
"Dra. Bruna Gonçalves Rodrigues";"5531992149797";"https://wa.me/5531992149797";"bruna.gonçalves@outlook.com";"Fitoterapia Médica / Cannabis Terapêutica";"Belo Horizonte";"MG";"Diretório Nacional de Especialistas & Prescritores"
"Dr. Leandro Barbosa Alves";"5532929547456";"https://wa.me/5532929547456";"leandro.barbosa@consultoriomed.com.br";"Ortopedia & Traumatologia / Tratamento da Dor";"Juiz de Fora";"MG";"Diretório Nacional de Especialistas & Prescritores"
"Dra. Natalia Costa Pereira";"5512942053288";"https://wa.me/5512942053288";"natalia.costa@institutocanabis.med.br";"Ortopedia & Traumatologia / Tratamento da Dor";"São José dos Campos";"SP";"Diretório Nacional de Especialistas & Prescritores"
"Dr. Alexandre Freitas Pereira";"5548920667872";"https://wa.me/5548920667872";"alexandre.freitas@consultoriomed.com.br";"Geriatria & Cuidados Paliativos";"Florianópolis";"SC";"Diretório Nacional de Especialistas & Prescritores"
"Dr. Renato Carvalho Freitas";"5567949988015";"https://wa.me/5567949988015";"renato.carvalho@drsaude.com.br";"Geriatria & Cuidados Paliativos";"Campo Grande";"MS";"Diretório Nacional de Especialistas & Prescritores"
"Dr. Thiago Moreira Barbosa";"5531931562925";"https://wa.me/5531931562925";"thiago.moreira@gmail.com";"Medicina Integrativa & Funcional";"Belo Horizonte";"MG";"Diretório Nacional de Especialistas & Prescritores"
"Dr. Fernando Santana Oliveira";"5571965696686";"https://wa.me/5571965696686";"fernando.santana@outlook.com";"Medicina Integrativa & Funcional";"Salvador";"BA";"Diretório Nacional de Especialistas & Prescritores"
"Dr. Fabio Ramos Ferreira";"5521924279752";"https://wa.me/5521924279752";"fabio.ramos@outlook.com";"Clínica Médica / Terapia Endocanabinoide";"Rio de Janeiro";"RJ";"Diretório Nacional de Especialistas & Prescritores"
"Dr. Carlos Lima Machado";"5547937160324";"https://wa.me/5547937160324";"carlos.lima@drsaude.com.br";"Medicina Canabinoide / Dor Crônica";"Blumenau";"SC";"Diretório Nacional de Especialistas & Prescritores"
"Dra. Roberta Ramos Ribeiro";"5554985175293";"https://wa.me/5554985175293";"roberta.ramos@drsaude.com.br";"Neurologia / Epilepsia e Transtornos Neurodegenerativos";"Caxias do Sul";"RS";"Diretório Nacional de Especialistas & Prescritores"
"Dra. Juliana Lima Costa";"5565996671166";"https://wa.me/5565996671166";"juliana.lima@saudeintegrativa.med.br";"Medicina Canabinoide / Dor Crônica";"Cuiabá";"MT";"Diretório Nacional de Especialistas & Prescritores"
"Dr. Renato Gonçalves Rocha";"5524967489228";"https://wa.me/5524967489228";"renato.gonçalves@gmail.com";"Medicina Integrativa & Funcional";"Petrópolis";"RJ";"Diretório Nacional de Especialistas & Prescritores"
"Dr. Renato Cardoso Gomes";"5548987060851";"https://wa.me/5548987060851";"renato.cardoso@outlook.com";"Clínica Médica / Terapia Endocanabinoide";"Florianópolis";"SC";"Diretório Nacional de Especialistas & Prescritores"
"Dra. Luciana Cardoso Cardoso";"5567943329373";"https://wa.me/5567943329373";"luciana.cardoso@consultoriomed.com.br";"Medicina Integrativa & Funcional";"Campo Grande";"MS";"Diretório Nacional de Especialistas & Prescritores"
"Dr. Leonardo Barbosa Pereira";"5541963329694";"https://wa.me/5541963329694";"leonardo.barbosa@saudeintegrativa.med.br";"Medicina Integrativa & Funcional";"Curitiba";"PR";"Diretório Nacional de Especialistas & Prescritores"
"Dra. Juliana Costa Ribeiro";"5516994509829";"https://wa.me/5516994509829";"juliana.costa@saudeintegrativa.med.br";"Medicina Integrativa & Funcional";"Ribeirão Preto";"SP";"Diretório Nacional de Especialistas & Prescritores"
"Dr. Eduardo Mendes Martins";"5582933032185";"https://wa.me/5582933032185";"eduardo.mendes@gmail.com";"Endocrinologia / Modulação Hormonal e Canabinoide";"Maceió";"AL";"Diretório Nacional de Especialistas & Prescritores"
"Dr. Vitor Gonçalves Carvalho";"5561950856493";"https://wa.me/5561950856493";"vitor.gonçalves@drsaude.com.br";"Endocrinologia / Modulação Hormonal e Canabinoide";"Brasília";"DF";"Diretório Nacional de Especialistas & Prescritores"
"Dr. Thiago Fernandes Martins";"5582914737647";"https://wa.me/5582914737647";"thiago.fernandes@gmail.com";"Clínica Médica / Terapia Endocanabinoide";"Maceió";"AL";"Diretório Nacional de Especialistas & Prescritores"
"Dra. Amanda Rocha Dias";"5516963935327";"https://wa.me/5516963935327";"amanda.rocha@gmail.com";"Psiquiatria Integrativa / Ansiedade e TDAH";"Ribeirão Preto";"SP";"Diretório Nacional de Especialistas & Prescritores"
"Dra. Luciana Dias Vieira";"5571965222676";"https://wa.me/5571965222676";"luciana.dias@outlook.com";"Medicina de Família e Comunidade";"Salvador";"BA";"Diretório Nacional de Especialistas & Prescritores"
"Dr. Henrique Soares Cardoso";"5513945367663";"https://wa.me/5513945367663";"henrique.soares@drsaude.com.br";"Psiquiatria Integrativa / Ansiedade e TDAH";"Santos";"SP";"Diretório Nacional de Especialistas & Prescritores"
"Dr. Leandro Freitas Rodrigues";"5554936929434";"https://wa.me/5554936929434";"leandro.freitas@drsaude.com.br";"Medicina de Família e Comunidade";"Caxias do Sul";"RS";"Diretório Nacional de Especialistas & Prescritores"
"Dra. Roberta Marques Oliveira";"5547955627634";"https://wa.me/5547955627634";"roberta.marques@clinicamedica.com.br";"Fitoterapia Médica / Cannabis Terapêutica";"Joinville";"SC";"Diretório Nacional de Especialistas & Prescritores"
"Dra. Isabela Silva Rodrigues";"5531920025707";"https://wa.me/5531920025707";"isabela.silva@outlook.com";"Medicina de Família e Comunidade";"Belo Horizonte";"MG";"Diretório Nacional de Especialistas & Prescritores"
"Dra. Natalia Rodrigues Vieira";"5519922088719";"https://wa.me/5519922088719";"natalia.rodrigues@outlook.com";"Neurologia / Epilepsia e Transtornos Neurodegenerativos";"Campinas";"SP";"Diretório Nacional de Especialistas & Prescritores"
"Dra. Helena Marques Cardoso";"5565946192520";"https://wa.me/5565946192520";"helena.marques@saudeintegrativa.med.br";"Geriatria & Cuidados Paliativos";"Cuiabá";"MT";"Diretório Nacional de Especialistas & Prescritores"
"Dra. Gabriela Ferreira Mendes";"5583961946897";"https://wa.me/5583961946897";"gabriela.ferreira@consultoriomed.com.br";"Geriatria & Cuidados Paliativos";"João Pessoa";"PB";"Diretório Nacional de Especialistas & Prescritores"
"Dra. Isabela Pereira Freitas";"5541966835178";"https://wa.me/5541966835178";"isabela.pereira@outlook.com";"Psiquiatria Integrativa / Ansiedade e TDAH";"Curitiba";"PR";"Diretório Nacional de Especialistas & Prescritores"
"Dra. Mariana Gonçalves Pereira";"5521912869482";"https://wa.me/5521912869482";"mariana.gonçalves@institutocanabis.med.br";"Medicina Canabinoide / Dor Crônica";"Niterói";"RJ";"Diretório Nacional de Especialistas & Prescritores"
"Dra. Larissa Martins Gonçalves";"5581946787611";"https://wa.me/5581946787611";"larissa.martins@clinicamedica.com.br";"Psiquiatria Integrativa / Ansiedade e TDAH";"Recife";"PE";"Diretório Nacional de Especialistas & Prescritores"
"Dr. Thiago Dias Pereira";"5532994871910";"https://wa.me/5532994871910";"thiago.dias@outlook.com";"Medicina de Família e Comunidade";"Juiz de Fora";"MG";"Diretório Nacional de Especialistas & Prescritores"
"Dr. Tiago Cardoso Rodrigues";"5583926037102";"https://wa.me/5583926037102";"tiago.cardoso@saudeintegrativa.med.br";"Ortopedia & Traumatologia / Tratamento da Dor";"João Pessoa";"PB";"Diretório Nacional de Especialistas & Prescritores"
"Dra. Patricia Ribeiro Santana";"5544949955617";"https://wa.me/5544949955617";"patricia.ribeiro@saudeintegrativa.med.br";"Neurologia / Epilepsia e Transtornos Neurodegenerativos";"Maringá";"PR";"Diretório Nacional de Especialistas & Prescritores"
"Dra. Ana Paula Dias Nascimento";"5581996025262";"https://wa.me/5581996025262";"anapaula.dias@gmail.com";"Geriatria & Cuidados Paliativos";"Recife";"PE";"Diretório Nacional de Especialistas & Prescritores"
"Dr. Caio Rodrigues Nunes";"5565954374401";"https://wa.me/5565954374401";"caio.rodrigues@drsaude.com.br";"Clínica Médica / Terapia Endocanabinoide";"Cuiabá";"MT";"Diretório Nacional de Especialistas & Prescritores"
"Dra. Mariana Gomes Barbosa";"5516989862057";"https://wa.me/5516989862057";"mariana.gomes@saudeintegrativa.med.br";"Fitoterapia Médica / Cannabis Terapêutica";"Ribeirão Preto";"SP";"Diretório Nacional de Especialistas & Prescritores"
"Dr. Eduardo Ferreira Marques";"5585986746594";"https://wa.me/5585986746594";"eduardo.ferreira@saudeintegrativa.med.br";"Medicina Canabinoide / Dor Crônica";"Fortaleza";"CE";"Diretório Nacional de Especialistas & Prescritores"
"Dr. Henrique Moreira Santos";"5532965994386";"https://wa.me/5532965994386";"henrique.moreira@outlook.com";"Medicina de Família e Comunidade";"Juiz de Fora";"MG";"Diretório Nacional de Especialistas & Prescritores"
"Dr. Leonardo Alves Costa";"5513915933117";"https://wa.me/5513915933117";"leonardo.alves@saudeintegrativa.med.br";"Geriatria & Cuidados Paliativos";"Santos";"SP";"Diretório Nacional de Especialistas & Prescritores"
"Dra. Flavia Marques Pereira";"5512987385035";"https://wa.me/5512987385035";"flavia.marques@consultoriomed.com.br";"Endocrinologia / Modulação Hormonal e Canabinoide";"São José dos Campos";"SP";"Diretório Nacional de Especialistas & Prescritores"
"Dr. Leandro Nunes Ramos";"5554954507410";"https://wa.me/5554954507410";"leandro.nunes@institutocanabis.med.br";"Geriatria & Cuidados Paliativos";"Caxias do Sul";"RS";"Diretório Nacional de Especialistas & Prescritores"
"Dra. Roberta Ribeiro Silva";"5581923953812";"https://wa.me/5581923953812";"roberta.ribeiro@institutocanabis.med.br";"Neurologia / Epilepsia e Transtornos Neurodegenerativos";"Recife";"PE";"Diretório Nacional de Especialistas & Prescritores"
"Dr. Carlos Teixeira Marques";"5551926301064";"https://wa.me/5551926301064";"carlos.teixeira@gmail.com";"Endocrinologia / Modulação Hormonal e Canabinoide";"Porto Alegre";"RS";"Diretório Nacional de Especialistas & Prescritores"
"Dr. Matheus Ferreira Rodrigues";"5565926032811";"https://wa.me/5565926032811";"matheus.ferreira@gmail.com";"Fitoterapia Médica / Cannabis Terapêutica";"Cuiabá";"MT";"Diretório Nacional de Especialistas & Prescritores"
"Dra. Roberta Marques Moreira";"5512932766851";"https://wa.me/5512932766851";"roberta.marques@consultoriomed.com.br";"Medicina Canabinoide / Dor Crônica";"São José dos Campos";"SP";"Diretório Nacional de Especialistas & Prescritores"
"Dr. Caio Ramos Rocha";"5519912694930";"https://wa.me/5519912694930";"caio.ramos@drsaude.com.br";"Geriatria & Cuidados Paliativos";"Campinas";"SP";"Diretório Nacional de Especialistas & Prescritores"
"Dr. Henrique Barbosa Rodrigues";"5547967006549";"https://wa.me/5547967006549";"henrique.barbosa@outlook.com";"Psiquiatria Integrativa / Ansiedade e TDAH";"Blumenau";"SC";"Diretório Nacional de Especialistas & Prescritores"
"Dr. Leonardo Andrade Almeida";"5543997368771";"https://wa.me/5543997368771";"leonardo.andrade@outlook.com";"Psiquiatria Integrativa / Ansiedade e TDAH";"Londrina";"PR";"Diretório Nacional de Especialistas & Prescritores"
"Dra. Clarissa Almeida Ribeiro";"5548913296154";"https://wa.me/5548913296154";"clarissa.almeida@gmail.com";"Ortopedia & Traumatologia / Tratamento da Dor";"Florianópolis";"SC";"Diretório Nacional de Especialistas & Prescritores"
"Dra. Renata Gonçalves Almeida";"5547982354324";"https://wa.me/5547982354324";"renata.gonçalves@saudeintegrativa.med.br";"Ortopedia & Traumatologia / Tratamento da Dor";"Joinville";"SC";"Diretório Nacional de Especialistas & Prescritores"
"Dra. Daniela Santos Moreira";"5541914931559";"https://wa.me/5541914931559";"daniela.santos@clinicamedica.com.br";"Medicina de Família e Comunidade";"Curitiba";"PR";"Diretório Nacional de Especialistas & Prescritores"
"Dra. Helena Ribeiro Barbosa";"5512977628666";"https://wa.me/5512977628666";"helena.ribeiro@gmail.com";"Neurologia / Epilepsia e Transtornos Neurodegenerativos";"São José dos Campos";"SP";"Diretório Nacional de Especialistas & Prescritores"
"Dr. Sergio Gomes Costa";"5561931653376";"https://wa.me/5561931653376";"sergio.gomes@gmail.com";"Geriatria & Cuidados Paliativos";"Brasília";"DF";"Diretório Nacional de Especialistas & Prescritores"
"Dr. Diego Freitas Ribeiro";"5511956143098";"https://wa.me/5511956143098";"diego.freitas@consultoriomed.com.br";"Medicina Canabinoide / Dor Crônica";"São Paulo";"SP";"Diretório Nacional de Especialistas & Prescritores"
"Dr. Felipe Fernandes Soares";"5554992034982";"https://wa.me/5554992034982";"felipe.fernandes@institutocanabis.med.br";"Medicina de Família e Comunidade";"Caxias do Sul";"RS";"Diretório Nacional de Especialistas & Prescritores"
"Dra. Clarissa Lima Silva";"5532997892797";"https://wa.me/5532997892797";"clarissa.lima@gmail.com";"Medicina de Família e Comunidade";"Juiz de Fora";"MG";"Diretório Nacional de Especialistas & Prescritores"
"Dra. Priscila Fernandes Rocha";"5565984586247";"https://wa.me/5565984586247";"priscila.fernandes@institutocanabis.med.br";"Clínica Médica / Terapia Endocanabinoide";"Cuiabá";"MT";"Diretório Nacional de Especialistas & Prescritores"
"Dr. Renato Alves Silva";"5541955486160";"https://wa.me/5541955486160";"renato.alves@consultoriomed.com.br";"Ortopedia & Traumatologia / Tratamento da Dor";"Curitiba";"PR";"Diretório Nacional de Especialistas & Prescritores"
"Dr. Bruno Soares Dias";"5541961658005";"https://wa.me/5541961658005";"bruno.soares@institutocanabis.med.br";"Endocrinologia / Modulação Hormonal e Canabinoide";"Curitiba";"PR";"Diretório Nacional de Especialistas & Prescritores"
"Dra. Sabrina Moreira Nascimento";"5561957983751";"https://wa.me/5561957983751";"sabrina.moreira@institutocanabis.med.br";"Endocrinologia / Modulação Hormonal e Canabinoide";"Brasília";"DF";"Diretório Nacional de Especialistas & Prescritores"
"Dra. Carolina Oliveira Rodrigues";"5567985255410";"https://wa.me/5567985255410";"carolina.oliveira@institutocanabis.med.br";"Medicina de Família e Comunidade";"Campo Grande";"MS";"Diretório Nacional de Especialistas & Prescritores"
"Dra. Larissa Fernandes Costa";"5521950993651";"https://wa.me/5521950993651";"larissa.fernandes@gmail.com";"Medicina Canabinoide / Dor Crônica";"Niterói";"RJ";"Diretório Nacional de Especialistas & Prescritores"
"Dr. Marcelo Machado Machado";"5581999904373";"https://wa.me/5581999904373";"marcelo.machado@saudeintegrativa.med.br";"Medicina Integrativa & Funcional";"Recife";"PE";"Diretório Nacional de Especialistas & Prescritores"
"Dra. Patricia Silva Carvalho";"5554989235914";"https://wa.me/5554989235914";"patricia.silva@drsaude.com.br";"Clínica Médica / Terapia Endocanabinoide";"Caxias do Sul";"RS";"Diretório Nacional de Especialistas & Prescritores"
"Dra. Denise Andrade Nascimento";"5544920407388";"https://wa.me/5544920407388";"denise.andrade@institutocanabis.med.br";"Ortopedia & Traumatologia / Tratamento da Dor";"Maringá";"PR";"Diretório Nacional de Especialistas & Prescritores"
"Dra. Leticia Oliveira Vieira";"5531984532268";"https://wa.me/5531984532268";"leticia.oliveira@saudeintegrativa.med.br";"Neurologia / Epilepsia e Transtornos Neurodegenerativos";"Belo Horizonte";"MG";"Diretório Nacional de Especialistas & Prescritores"
"Dr. Ricardo Gomes Carvalho";"5567912209995";"https://wa.me/5567912209995";"ricardo.gomes@outlook.com";"Fitoterapia Médica / Cannabis Terapêutica";"Campo Grande";"MS";"Diretório Nacional de Especialistas & Prescritores"
"Dra. Thais Freitas Silva";"5511982358014";"https://wa.me/5511982358014";"thais.freitas@drsaude.com.br";"Medicina Canabinoide / Dor Crônica";"São Paulo";"SP";"Diretório Nacional de Especialistas & Prescritores"
"Dra. Fernanda Lopes Gomes";"5512959398337";"https://wa.me/5512959398337";"fernanda.lopes@institutocanabis.med.br";"Psiquiatria Integrativa / Ansiedade e TDAH";"São José dos Campos";"SP";"Diretório Nacional de Especialistas & Prescritores"
"Dra. Mariana Andrade Santana";"5562958933865";"https://wa.me/5562958933865";"mariana.andrade@outlook.com";"Endocrinologia / Modulação Hormonal e Canabinoide";"Goiânia";"GO";"Diretório Nacional de Especialistas & Prescritores"
"Dr. Gustavo Silva Ferreira";"5527985055905";"https://wa.me/5527985055905";"gustavo.silva@institutocanabis.med.br";"Psiquiatria Integrativa / Ansiedade e TDAH";"Vitória";"ES";"Diretório Nacional de Especialistas & Prescritores"
"Dr. Guilherme Marques Lima";"5531954274415";"https://wa.me/5531954274415";"guilherme.marques@saudeintegrativa.med.br";"Geriatria & Cuidados Paliativos";"Belo Horizonte";"MG";"Diretório Nacional de Especialistas & Prescritores"
"Dra. Renata Moreira Fernandes";"5581984206837";"https://wa.me/5581984206837";"renata.moreira@drsaude.com.br";"Geriatria & Cuidados Paliativos";"Recife";"PE";"Diretório Nacional de Especialistas & Prescritores"
"Dr. Rafael Moreira Rocha";"5521935268500";"https://wa.me/5521935268500";"rafael.moreira@institutocanabis.med.br";"Ortopedia & Traumatologia / Tratamento da Dor";"Rio de Janeiro";"RJ";"Diretório Nacional de Especialistas & Prescritores"
"Dr. Lucas Carvalho Gonçalves";"5521966027751";"https://wa.me/5521966027751";"lucas.carvalho@outlook.com";"Clínica Médica / Terapia Endocanabinoide";"Niterói";"RJ";"Diretório Nacional de Especialistas & Prescritores"
"Dra. Carolina Ribeiro Lopes";"5543993681742";"https://wa.me/5543993681742";"carolina.ribeiro@gmail.com";"Clínica Médica / Terapia Endocanabinoide";"Londrina";"PR";"Diretório Nacional de Especialistas & Prescritores"
"Dr. Fernando Costa Soares";"5516987113919";"https://wa.me/5516987113919";"fernando.costa@saudeintegrativa.med.br";"Endocrinologia / Modulação Hormonal e Canabinoide";"Ribeirão Preto";"SP";"Diretório Nacional de Especialistas & Prescritores"
"Dr. Leonardo Souza Moreira";"5534964957014";"https://wa.me/5534964957014";"leonardo.souza@outlook.com";"Fitoterapia Médica / Cannabis Terapêutica";"Uberlândia";"MG";"Diretório Nacional de Especialistas & Prescritores"
"Dr. Sergio Fernandes Vieira";"5534954726940";"https://wa.me/5534954726940";"sergio.fernandes@institutocanabis.med.br";"Medicina de Família e Comunidade";"Uberlândia";"MG";"Diretório Nacional de Especialistas & Prescritores"
"Dra. Luiza Nunes Cardoso";"5527944217984";"https://wa.me/5527944217984";"luiza.nunes@clinicamedica.com.br";"Endocrinologia / Modulação Hormonal e Canabinoide";"Vitória";"ES";"Diretório Nacional de Especialistas & Prescritores"
"Dr. Caio Machado Vieira";"5512980091786";"https://wa.me/5512980091786";"caio.machado@saudeintegrativa.med.br";"Medicina de Família e Comunidade";"São José dos Campos";"SP";"Diretório Nacional de Especialistas & Prescritores"
"Dr. Alexandre Gonçalves Martins";"5554995274742";"https://wa.me/5554995274742";"alexandre.gonçalves@drsaude.com.br";"Neurologia / Epilepsia e Transtornos Neurodegenerativos";"Caxias do Sul";"RS";"Diretório Nacional de Especialistas & Prescritores"
"Dr. Vitor Mendes Teixeira";"5531994202627";"https://wa.me/5531994202627";"vitor.mendes@gmail.com";"Psiquiatria Integrativa / Ansiedade e TDAH";"Belo Horizonte";"MG";"Diretório Nacional de Especialistas & Prescritores"
"Dra. Roberta Andrade Nascimento";"5516923287224";"https://wa.me/5516923287224";"roberta.andrade@outlook.com";"Medicina Integrativa & Funcional";"Ribeirão Preto";"SP";"Diretório Nacional de Especialistas & Prescritores"
"Dr. Ricardo Lopes Gonçalves";"5582963348862";"https://wa.me/5582963348862";"ricardo.lopes@consultoriomed.com.br";"Medicina Canabinoide / Dor Crônica";"Maceió";"AL";"Diretório Nacional de Especialistas & Prescritores"
"Dr. Thiago Machado Machado";"5548973193146";"https://wa.me/5548973193146";"thiago.machado@outlook.com";"Medicina de Família e Comunidade";"Florianópolis";"SC";"Diretório Nacional de Especialistas & Prescritores"
"Dr. Caio Lopes Dias";"5547931088833";"https://wa.me/5547931088833";"caio.lopes@institutocanabis.med.br";"Neurologia / Epilepsia e Transtornos Neurodegenerativos";"Joinville";"SC";"Diretório Nacional de Especialistas & Prescritores"
"Dra. Isabela Marques Carvalho";"5544931335232";"https://wa.me/5544931335232";"isabela.marques@clinicamedica.com.br";"Geriatria & Cuidados Paliativos";"Maringá";"PR";"Diretório Nacional de Especialistas & Prescritores"
"Dr. Leandro Freitas Gonçalves";"5532932433681";"https://wa.me/5532932433681";"leandro.freitas@clinicamedica.com.br";"Fitoterapia Médica / Cannabis Terapêutica";"Juiz de Fora";"MG";"Diretório Nacional de Especialistas & Prescritores"
"Dra. Helena Nunes Nunes";"5512934416969";"https://wa.me/5512934416969";"helena.nunes@gmail.com";"Endocrinologia / Modulação Hormonal e Canabinoide";"São José dos Campos";"SP";"Diretório Nacional de Especialistas & Prescritores"
"Dra. Fernanda Nunes Fernandes";"5584946396709";"https://wa.me/5584946396709";"fernanda.nunes@gmail.com";"Geriatria & Cuidados Paliativos";"Natal";"RN";"Diretório Nacional de Especialistas & Prescritores"
"Dra. Juliana Martins Rocha";"5554971801373";"https://wa.me/5554971801373";"juliana.martins@saudeintegrativa.med.br";"Psiquiatria Integrativa / Ansiedade e TDAH";"Caxias do Sul";"RS";"Diretório Nacional de Especialistas & Prescritores"
"Dr. Eduardo Cardoso Ribeiro";"5527948879291";"https://wa.me/5527948879291";"eduardo.cardoso@institutocanabis.med.br";"Medicina Canabinoide / Dor Crônica";"Vitória";"ES";"Diretório Nacional de Especialistas & Prescritores"
"Dr. Guilherme Almeida Fernandes";"5534925561601";"https://wa.me/5534925561601";"guilherme.almeida@clinicamedica.com.br";"Medicina Canabinoide / Dor Crônica";"Uberlândia";"MG";"Diretório Nacional de Especialistas & Prescritores"
"Dr. Matheus Marques Lima";"5547937191425";"https://wa.me/5547937191425";"matheus.marques@gmail.com";"Psiquiatria Integrativa / Ansiedade e TDAH";"Joinville";"SC";"Diretório Nacional de Especialistas & Prescritores"
"Dra. Mariana Pereira Cardoso";"5547980875068";"https://wa.me/5547980875068";"mariana.pereira@drsaude.com.br";"Neurologia / Epilepsia e Transtornos Neurodegenerativos";"Joinville";"SC";"Diretório Nacional de Especialistas & Prescritores"
"Dra. Isabela Gonçalves Vieira";"5583957759072";"https://wa.me/5583957759072";"isabela.gonçalves@drsaude.com.br";"Psiquiatria Integrativa / Ansiedade e TDAH";"João Pessoa";"PB";"Diretório Nacional de Especialistas & Prescritores"
"Dra. Bruna Machado Costa";"5583974616910";"https://wa.me/5583974616910";"bruna.machado@clinicamedica.com.br";"Fitoterapia Médica / Cannabis Terapêutica";"João Pessoa";"PB";"Diretório Nacional de Especialistas & Prescritores"
"Dra. Juliana Rocha Barbosa";"5531962606309";"https://wa.me/5531962606309";"juliana.rocha@gmail.com";"Geriatria & Cuidados Paliativos";"Belo Horizonte";"MG";"Diretório Nacional de Especialistas & Prescritores"
"Dra. Renata Martins Barbosa";"5585938998255";"https://wa.me/5585938998255";"renata.martins@outlook.com";"Fitoterapia Médica / Cannabis Terapêutica";"Fortaleza";"CE";"Diretório Nacional de Especialistas & Prescritores"
"Dr. Rodrigo Pereira Moreira";"5561967514239";"https://wa.me/5561967514239";"rodrigo.pereira@gmail.com";"Geriatria & Cuidados Paliativos";"Brasília";"DF";"Diretório Nacional de Especialistas & Prescritores"